Date,Store,DayOfWeek,Sales,Open,Promo,SchoolHoliday,CompetitionDistance,CompetitionOpenSinceMonth,CompetitionOpenSinceYear,Promo2,Promo2SinceWeek,Promo2SinceYear,StateHoliday_0,StoreType_c,Assortment_a,Month,Year,Day,IsWeekend
2013-01-02,1,3,5530,1,0,1,1270.0,9.0,2008.0,0,0.0,0.0,1,1,1,1,2013,2,0
2013-01-03,1,4,4327,1,0,1,1270.0,9.0,2008.0,0,0.0,0.0,1,1,1,1,2013,3,0
2013-01-04,1,5,4486,1,0,1,1270.0,9.0,2008.0,0,0.0,0.0,1,1,1,1,2013,4,0
2013-01-05,1,6,4997,1,0,1,1270.0,9.0,2008.0,0,0.0,0.0,1,1,1,1,2013,5,1
2013-01-07,1,1,7176,1,1,1,1270.0,9.0,2008.0,0,0.0,0.0,1,1,1,1,2013,7,0
2013-01-08,1,2,5580,1,1,1,1270.0,9.0,2008.0,0,0.0,0.0,1,1,1,1,2013,8,0
2013-01-09,1,3,5471,1,1,1,1270.0,9.0,2008.0,0,0.0,0.0,1,1,1,1,2013,9,0
2013-01-10,1,4,4892,1,1,1,1270.0,9.0,2008.0,0,0.0,0.0,1,1,1,1,2013,10,0
2013-01-11,1,5,4881,1,1,1,1270.0,9.0,2008.0,0,0.0,0.0,1,1,1,1,2013,11,0
2013-01-12,1,6,4952,1,0,0,1270.0,9.0,2008.0,0,0.0,0.0,1,1,1,1,2013,12,1
2013-01-14,1,1,4717,1,0,0,1270.0,9.0,2008.0,0,0.0,0.0,1,1,1,1,2013,14,0
2013-01-15,1,2,3900,1,0,0,1270.0,9.0,2008.0,0,0.0,0.0,1,1,1,1,2013,15,0
2013-01-16,1,3,4008,1,0,0,1270.0,9.0,2008.0,0,0.0,0.0,1,1,1,1,2013,16,0
2013-01-17,1,4,4044,1,0,0,1270.0,9.0,2008.0,0,0.0,0.0,1,1,1,1,2013,17,0
2013-01-18,1,5,4127,1,0,0,1270.0,9.0,2008.0,0,0.0,0.0,1,1,1,1,2013,18,0
2013-01-19,1,6,5182,1,0,0,1270.0,9.0,2008.0,0,0.0,0.0,1,1,1,1,2013,19,1
2013-01-21,1,1,5394,1,1,0,1270.0,9.0,2008.0,0,0.0,0.0,1,1,1,1,2013,21,0
2013-01-22,1,2,5720,1,1,0,1270.0,9.0,2008.0,0,0.0,0.0,1,1,1,1,2013,22,0
2013-01-23,1,3,5578,1,1,0,1270.0,9.0,2008.0,0,0.0,0.0,1,1,1,1,2013,23,0
2013-01-24,1,4,5195,1,1,0,1270.0,9.0,2008.0,0,0.0,0.0,1,1,1,1,2013,24,0
2013-01-25,1,5,5586,1,1,0,1270.0,9.0,2008.0,0,0.0,0.0,1,1,1,1,2013,25,0
2013-01-26,1,6,5598,1,0,0,1270.0,9.0,2008.0,0,0.0,0.0,1,1,1,1,2013,26,1
2013-01-28,1,1,4055,1,0,0,1270.0,9.0,2008.0,0,0.0,0.0,1,1,1,1,2013,28,0
2013-01-29,1,2,3725,1,0,0,1270.0,9.0,2008.0,0,0.0,0.0,1,1,1,1,2013,29,0
2013-01-30,1,3,4601,1,0,0,1270.0,9.0,2008.0,0,0.0,0.0,1,1,1,1,2013,30,0
2013-01-31,1,4,4709,1,0,0,1270.0,9.0,2008.0,0,0.0,0.0,1,1,1,1,2013,31,0
2013-02-01,1,5,5633,1,0,0,1270.0,9.0,2008.0,0,0.0,0.0,1,1,1,2,2013,1,0
2013-02-02,1,6,5970,1,0,0,1270.0,9.0,2008.0,0,0.0,0.0,1,1,1,2,2013,2,1
2013-02-04,1,1,7032,1,1,0,1270.0,9.0,2008.0,0,0.0,0.0,1,1,1,2,2013,4,0
2013-02-05,1,2,6049,1,1,0,1270.0,9.0,2008.0,0,0.0,0.0,1,1,1,2,2013,5,0
2013-02-06,1,3,6140,1,1,0,1270.0,9.0,2008.0,0,0.0,0.0,1,1,1,2,2013,6,0
2013-02-07,1,4,5499,1,1,0,1270.0,9.0,2008.0,0,0.0,0.0,1,1,1,2,2013,7,0
2013-02-08,1,5,5681,1,1,0,1270.0,9.0,2008.0,0,0.0,0.0,1,1,1,2,2013,8,0
2013-02-09,1,6,5370,1,0,0,1270.0,9.0,2008.0,0,0.0,0.0,1,1,1,2,2013,9,1
2013-02-11,1,1,4409,1,0,0,1270.0,9.0,2008.0,0,0.0,0.0,1,1,1,2,2013,11,0
2013-02-12,1,2,4015,1,0,0,1270.0,9.0,2008.0,0,0.0,0.0,1,1,1,2,2013,12,0
2013-02-13,1,3,4252,1,0,0,1270.0,9.0,2008.0,0,0.0,0.0,1,1,1,2,2013,13,0
2013-02-14,1,4,4241,1,0,0,1270.0,9.0,2008.0,0,0.0,0.0,1,1,1,2,2013,14,0
2013-02-15,1,5,4809,1,0,0,1270.0,9.0,2008.0,0,0.0,0.0,1,1,1,2,2013,15,0
2013-02-16,1,6,6154,1,0,0,1270.0,9.0,2008.0,0,0.0,0.0,1,1,1,2,2013,16,1
2013-02-18,1,1,6407,1,1,0,1270.0,9.0,2008.0,0,0.0,0.0,1,1,1,2,2013,18,0
2013-02-19,1,2,5386,1,1,0,1270.0,9.0,2008.0,0,0.0,0.0,1,1,1,2,2013,19,0
2013-02-20,1,3,5660,1,1,0,1270.0,9.0,2008.0,0,0.0,0.0,1,1,1,2,2013,20,0
2013-02-21,1,4,5261,1,1,0,1270.0,9.0,2008.0,0,0.0,0.0,1,1,1,2,2013,21,0
2013-02-22,1,5,5000,1,1,0,1270.0,9.0,2008.0,0,0.0,0.0,1,1,1,2,2013,22,0
2013-02-23,1,6,5237,1,0,0,1270.0,9.0,2008.0,0,0.0,0.0,1,1,1,2,2013,23,1
2013-02-25,1,1,4038,1,0,0,1270.0,9.0,2008.0,0,0.0,0.0,1,1,1,2,2013,25,0
2013-02-26,1,2,3794,1,0,0,1270.0,9.0,2008.0,0,0.0,0.0,1,1,1,2,2013,26,0
2013-02-27,1,3,4558,1,0,0,1270.0,9.0,2008.0,0,0.0,0.0,1,1,1,2,2013,27,0
2013-02-28,1,4,4676,1,0,0,1270.0,9.0,2008.0,0,0.0,0.0,1,1,1,2,2013,28,0
2013-03-01,1,5,4611,1,0,0,1270.0,9.0,2008.0,0,0.0,0.0,1,1,1,3,2013,1,0
2013-03-02,1,6,5350,1,0,0,1270.0,9.0,2008.0,0,0.0,0.0,1,1,1,3,2013,2,1
2013-03-04,1,1,7675,1,1,0,1270.0,9.0,2008.0,0,0.0,0.0,1,1,1,3,2013,4,0
2013-03-05,1,2,6300,1,1,0,1270.0,9.0,2008.0,0,0.0,0.0,1,1,1,3,2013,5,0
2013-03-06,1,3,5973,1,1,0,1270.0,9.0,2008.0,0,0.0,0.0,1,1,1,3,2013,6,0
2013-03-07,1,4,5637,1,1,0,1270.0,9.0,2008.0,0,0.0,0.0,1,1,1,3,2013,7,0
2013-03-08,1,5,5853,1,1,0,1270.0,9.0,2008.0,0,0.0,0.0,1,1,1,3,2013,8,0
2013-03-09,1,6,5578,1,0,0,1270.0,9.0,2008.0,0,0.0,0.0,1,1,1,3,2013,9,1
2013-03-11,1,1,4949,1,0,0,1270.0,9.0,2008.0,0,0.0,0.0,1,1,1,3,2013,11,0
2013-03-12,1,2,3853,1,0,0,1270.0,9.0,2008.0,0,0.0,0.0,1,1,1,3,2013,12,0
2013-03-13,1,3,4341,1,0,0,1270.0,9.0,2008.0,0,0.0,0.0,1,1,1,3,2013,13,0
2013-03-14,1,4,5108,1,0,0,1270.0,9.0,2008.0,0,0.0,0.0,1,1,1,3,2013,14,0
2013-03-15,1,5,4925,1,0,0,1270.0,9.0,2008.0,0,0.0,0.0,1,1,1,3,2013,15,0
2013-03-16,1,6,5003,1,0,0,1270.0,9.0,2008.0,0,0.0,0.0,1,1,1,3,2013,16,1
2013-03-18,1,1,7072,1,1,0,1270.0,9.0,2008.0,0,0.0,0.0,1,1,1,3,2013,18,0
2013-03-19,1,2,6563,1,1,0,1270.0,9.0,2008.0,0,0.0,0.0,1,1,1,3,2013,19,0
2013-03-20,1,3,5598,1,1,0,1270.0,9.0,2008.0,0,0.0,0.0,1,1,1,3,2013,20,0
2013-03-21,1,4,5179,1,1,0,1270.0,9.0,2008.0,0,0.0,0.0,1,1,1,3,2013,21,0
2013-03-22,1,5,5506,1,1,0,1270.0,9.0,2008.0,0,0.0,0.0,1,1,1,3,2013,22,0
2013-03-23,1,6,5603,1,0,0,1270.0,9.0,2008.0,0,0.0,0.0,1,1,1,3,2013,23,1
2013-03-25,1,1,6729,1,1,1,1270.0,9.0,2008.0,0,0.0,0.0,1,1,1,3,2013,25,0
2013-03-26,1,2,6686,1,1,1,1270.0,9.0,2008.0,0,0.0,0.0,1,1,1,3,2013,26,0
2013-03-27,1,3,6660,1,1,1,1270.0,9.0,2008.0,0,0.0,0.0,1,1,1,3,2013,27,0
2013-03-28,1,4,7285,1,1,1,1270.0,9.0,2008.0,0,0.0,0.0,1,1,1,3,2013,28,0
2013-03-30,1,6,7132,1,0,0,1270.0,9.0,2008.0,0,0.0,0.0,1,1,1,3,2013,30,1
2013-04-02,1,2,5484,1,0,1,1270.0,9.0,2008.0,0,0.0,0.0,1,1,1,4,2013,2,0
2013-04-03,1,3,4625,1,0,1,1270.0,9.0,2008.0,0,0.0,0.0,1,1,1,4,2013,3,0
2013-04-04,1,4,4293,1,0,1,1270.0,9.0,2008.0,0,0.0,0.0,1,1,1,4,2013,4,0
2013-04-05,1,5,4390,1,0,1,1270.0,9.0,2008.0,0,0.0,0.0,1,1,1,4,2013,5,0
2013-04-06,1,6,5075,1,0,0,1270.0,9.0,2008.0,0,0.0,0.0,1,1,1,4,2013,6,1
2013-04-08,1,1,6046,1,1,0,1270.0,9.0,2008.0,0,0.0,0.0,1,1,1,4,2013,8,0
2013-04-09,1,2,5514,1,1,0,1270.0,9.0,2008.0,0,0.0,0.0,1,1,1,4,2013,9,0
2013-04-10,1,3,4903,1,1,0,1270.0,9.0,2008.0,0,0.0,0.0,1,1,1,4,2013,10,0
2013-04-11,1,4,4366,1,1,0,1270.0,9.0,2008.0,0,0.0,0.0,1,1,1,4,2013,11,0
2013-04-12,1,5,5263,1,1,0,1270.0,9.0,2008.0,0,0.0,0.0,1,1,1,4,2013,12,0
2013-04-13,1,6,4773,1,0,0,1270.0,9.0,2008.0,0,0.0,0.0,1,1,1,4,2013,13,1
2013-04-15,1,1,3941,1,0,0,1270.0,9.0,2008.0,0,0.0,0.0,1,1,1,4,2013,15,0
2013-04-16,1,2,3357,1,0,0,1270.0,9.0,2008.0,0,0.0,0.0,1,1,1,4,2013,16,0
2013-04-17,1,3,3649,1,0,0,1270.0,9.0,2008.0,0,0.0,0.0,1,1,1,4,2013,17,0
2013-04-18,1,4,2952,1,0,0,1270.0,9.0,2008.0,0,0.0,0.0,1,1,1,4,2013,18,0
2013-04-19,1,5,4303,1,0,0,1270.0,9.0,2008.0,0,0.0,0.0,1,1,1,4,2013,19,0
2013-04-20,1,6,4350,1,0,0,1270.0,9.0,2008.0,0,0.0,0.0,1,1,1,4,2013,20,1
2013-04-22,1,1,5672,1,1,0,1270.0,9.0,2008.0,0,0.0,0.0,1,1,1,4,2013,22,0
2013-04-23,1,2,4492,1,1,0,1270.0,9.0,2008.0,0,0.0,0.0,1,1,1,4,2013,23,0
2013-04-24,1,3,4309,1,1,0,1270.0,9.0,2008.0,0,0.0,0.0,1,1,1,4,2013,24,0
2013-04-25,1,4,3939,1,1,0,1270.0,9.0,2008.0,0,0.0,0.0,1,1,1,4,2013,25,0
2013-04-26,1,5,4841,1,1,0,1270.0,9.0,2008.0,0,0.0,0.0,1,1,1,4,2013,26,0
2013-04-27,1,6,5726,1,0,0,1270.0,9.0,2008.0,0,0.0,0.0,1,1,1,4,2013,27,1
2013-04-29,1,1,5821,1,1,0,1270.0,9.0,2008.0,0,0.0,0.0,1,1,1,4,2013,29,0
2013-04-30,1,2,5925,1,1,0,1270.0,9.0,2008.0,0,0.0,0.0,1,1,1,4,2013,30,0
2013-05-02,1,4,6486,1,1,0,1270.0,9.0,2008.0,0,0.0,0.0,1,1,1,5,2013,2,0
2013-05-03,1,5,6027,1,1,0,1270.0,9.0,2008.0,0,0.0,0.0,1,1,1,5,2013,3,0
2013-05-04,1,6,5912,1,0,0,1270.0,9.0,2008.0,0,0.0,0.0,1,1,1,5,2013,4,1
2013-05-06,1,1,4568,1,0,0,1270.0,9.0,2008.0,0,0.0,0.0,1,1,1,5,2013,6,0
2013-05-07,1,2,4624,1,0,0,1270.0,9.0,2008.0,0,0.0,0.0,1,1,1,5,2013,7,0
2013-05-08,1,3,5230,1,0,0,1270.0,9.0,2008.0,0,0.0,0.0,1,1,1,5,2013,8,0
2013-05-10,1,5,5409,1,0,0,1270.0,9.0,2008.0,0,0.0,0.0,1,1,1,5,2013,10,0
2013-05-11,1,6,5064,1,0,0,1270.0,9.0,2008.0,0,0.0,0.0,1,1,1,5,2013,11,1
2013-05-13,1,1,6106,1,1,0,1270.0,9.0,2008.0,0,0.0,0.0,1,1,1,5,2013,13,0
2013-05-14,1,2,5083,1,1,0,1270.0,9.0,2008.0,0,0.0,0.0,1,1,1,5,2013,14,0
2013-05-15,1,3,4790,1,1,0,1270.0,9.0,2008.0,0,0.0,0.0,1,1,1,5,2013,15,0
2013-05-16,1,4,4448,1,1,0,1270.0,9.0,2008.0,0,0.0,0.0,1,1,1,5,2013,16,0
2013-05-17,1,5,4856,1,1,0,1270.0,9.0,2008.0,0,0.0,0.0,1,1,1,5,2013,17,0
2013-05-18,1,6,4413,1,0,0,1270.0,9.0,2008.0,0,0.0,0.0,1,1,1,5,2013,18,1
2013-05-21,1,2,4789,1,0,0,1270.0,9.0,2008.0,0,0.0,0.0,1,1,1,5,2013,21,0
2013-05-22,1,3,3559,1,0,0,1270.0,9.0,2008.0,0,0.0,0.0,1,1,1,5,2013,22,0
2013-05-23,1,4,4030,1,0,0,1270.0,9.0,2008.0,0,0.0,0.0,1,1,1,5,2013,23,0
2013-05-24,1,5,4232,1,0,0,1270.0,9.0,2008.0,0,0.0,0.0,1,1,1,5,2013,24,0
2013-05-25,1,6,4408,1,0,0,1270.0,9.0,2008.0,0,0.0,0.0,1,1,1,5,2013,25,1
2013-05-27,1,1,5519,1,1,0,1270.0,9.0,2008.0,0,0.0,0.0,1,1,1,5,2013,27,0
2013-05-28,1,2,4995,1,1,0,1270.0,9.0,2008.0,0,0.0,0.0,1,1,1,5,2013,28,0
2013-05-29,1,3,5784,1,1,0,1270.0,9.0,2008.0,0,0.0,0.0,1,1,1,5,2013,29,0
2013-05-31,1,5,7893,1,1,0,1270.0,9.0,2008.0,0,0.0,0.0,1,1,1,5,2013,31,0
2013-06-01,1,6,5693,1,0,0,1270.0,9.0,2008.0,0,0.0,0.0,1,1,1,6,2013,1,1
2013-06-03,1,1,5422,1,1,0,1270.0,9.0,2008.0,0,0.0,0.0,1,1,1,6,2013,3,0
2013-06-04,1,2,5220,1,1,0,1270.0,9.0,2008.0,0,0.0,0.0,1,1,1,6,2013,4,0
2013-06-05,1,3,5012,1,1,0,1270.0,9.0,2008.0,0,0.0,0.0,1,1,1,6,2013,5,0
2013-06-06,1,4,4881,1,1,0,1270.0,9.0,2008.0,0,0.0,0.0,1,1,1,6,2013,6,0
2013-06-07,1,5,4315,1,1,0,1270.0,9.0,2008.0,0,0.0,0.0,1,1,1,6,2013,7,0
2013-06-08,1,6,4262,1,0,0,1270.0,9.0,2008.0,0,0.0,0.0,1,1,1,6,2013,8,1
2013-06-10,1,1,4291,1,0,0,1270.0,9.0,2008.0,0,0.0,0.0,1,1,1,6,2013,10,0
2013-06-11,1,2,3784,1,0,0,1270.0,9.0,2008.0,0,0.0,0.0,1,1,1,6,2013,11,0
2013-06-12,1,3,3563,1,0,0,1270.0,9.0,2008.0,0,0.0,0.0,1,1,1,6,2013,12,0
2013-06-13,1,4,3661,1,0,0,1270.0,9.0,2008.0,0,0.0,0.0,1,1,1,6,2013,13,0
2013-06-14,1,5,4150,1,0,0,1270.0,9.0,2008.0,0,0.0,0.0,1,1,1,6,2013,14,0
2013-06-15,1,6,4766,1,0,0,1270.0,9.0,2008.0,0,0.0,0.0,1,1,1,6,2013,15,1
2013-06-17,1,1,5337,1,1,0,1270.0,9.0,2008.0,0,0.0,0.0,1,1,1,6,2013,17,0
2013-06-18,1,2,4633,1,1,0,1270.0,9.0,2008.0,0,0.0,0.0,1,1,1,6,2013,18,0
2013-06-19,1,3,4180,1,1,0,1270.0,9.0,2008.0,0,0.0,0.0,1,1,1,6,2013,19,0
2013-06-20,1,4,5011,1,1,0,1270.0,9.0,2008.0,0,0.0,0.0,1,1,1,6,2013,20,0
2013-06-21,1,5,5173,1,1,0,1270.0,9.0,2008.0,0,0.0,0.0,1,1,1,6,2013,21,0
2013-06-22,1,6,4341,1,0,0,1270.0,9.0,2008.0,0,0.0,0.0,1,1,1,6,2013,22,1
2013-06-24,1,1,3549,1,0,0,1270.0,9.0,2008.0,0,0.0,0.0,1,1,1,6,2013,24,0
2013-06-25,1,2,4536,1,0,0,1270.0,9.0,2008.0,0,0.0,0.0,1,1,1,6,2013,25,0
2013-06-26,1,3,3827,1,0,0,1270.0,9.0,2008.0,0,0.0,0.0,1,1,1,6,2013,26,0
2013-06-27,1,4,3593,1,0,0,1270.0,9.0,2008.0,0,0.0,0.0,1,1,1,6,2013,27,0
2013-06-28,1,5,4407,1,0,0,1270.0,9.0,2008.0,0,0.0,0.0,1,1,1,6,2013,28,0
2013-06-29,1,6,5804,1,0,0,1270.0,9.0,2008.0,0,0.0,0.0,1,1,1,6,2013,29,1
2013-07-01,1,1,5614,1,1,0,1270.0,9.0,2008.0,0,0.0,0.0,1,1,1,7,2013,1,0
2013-07-02,1,2,5868,1,1,0,1270.0,9.0,2008.0,0,0.0,0.0,1,1,1,7,2013,2,0
2013-07-03,1,3,5875,1,1,0,1270.0,9.0,2008.0,0,0.0,0.0,1,1,1,7,2013,3,0
2013-07-04,1,4,5701,1,1,0,1270.0,9.0,2008.0,0,0.0,0.0,1,1,1,7,2013,4,0
2013-07-05,1,5,4986,1,1,0,1270.0,9.0,2008.0,0,0.0,0.0,1,1,1,7,2013,5,0
2013-07-06,1,6,4090,1,0,1,1270.0,9.0,2008.0,0,0.0,0.0,1,1,1,7,2013,6,1
2013-07-08,1,1,4475,1,0,1,1270.0,9.0,2008.0,0,0.0,0.0,1,1,1,7,2013,8,0
2013-07-09,1,2,4047,1,0,1,1270.0,9.0,2008.0,0,0.0,0.0,1,1,1,7,2013,9,0
2013-07-10,1,3,3963,1,0,1,1270.0,9.0,2008.0,0,0.0,0.0,1,1,1,7,2013,10,0
2013-07-11,1,4,4053,1,0,1,1270.0,9.0,2008.0,0,0.0,0.0,1,1,1,7,2013,11,0
2013-07-12,1,5,4134,1,0,1,1270.0,9.0,2008.0,0,0.0,0.0,1,1,1,7,2013,12,0
2013-07-13,1,6,4015,1,0,1,1270.0,9.0,2008.0,0,0.0,0.0,1,1,1,7,2013,13,1
2013-07-15,1,1,6377,1,1,1,1270.0,9.0,2008.0,0,0.0,0.0,1,1,1,7,2013,15,0
2013-07-16,1,2,5643,1,1,1,1270.0,9.0,2008.0,0,0.0,0.0,1,1,1,7,2013,16,0
2013-07-17,1,3,4946,1,1,1,1270.0,9.0,2008.0,0,0.0,0.0,1,1,1,7,2013,17,0
2013-07-18,1,4,4904,1,1,1,1270.0,9.0,2008.0,0,0.0,0.0,1,1,1,7,2013,18,0
2013-07-19,1,5,4275,1,1,1,1270.0,9.0,2008.0,0,0.0,0.0,1,1,1,7,2013,19,0
2013-07-20,1,6,4421,1,0,1,1270.0,9.0,2008.0,0,0.0,0.0,1,1,1,7,2013,20,1
2013-07-22,1,1,4149,1,0,1,1270.0,9.0,2008.0,0,0.0,0.0,1,1,1,7,2013,22,0
2013-07-23,1,2,3937,1,0,1,1270.0,9.0,2008.0,0,0.0,0.0,1,1,1,7,2013,23,0
2013-07-24,1,3,3849,1,0,1,1270.0,9.0,2008.0,0,0.0,0.0,1,1,1,7,2013,24,0
2013-07-25,1,4,3502,1,0,1,1270.0,9.0,2008.0,0,0.0,0.0,1,1,1,7,2013,25,0
2013-07-26,1,5,4221,1,0,1,1270.0,9.0,2008.0,0,0.0,0.0,1,1,1,7,2013,26,0
2013-07-27,1,6,3352,1,0,1,1270.0,9.0,2008.0,0,0.0,0.0,1,1,1,7,2013,27,1
2013-07-29,1,1,6290,1,1,1,1270.0,9.0,2008.0,0,0.0,0.0,1,1,1,7,2013,29,0
2013-07-30,1,2,5773,1,1,1,1270.0,9.0,2008.0,0,0.0,0.0,1,1,1,7,2013,30,0
2013-07-31,1,3,5572,1,1,1,1270.0,9.0,2008.0,0,0.0,0.0,1,1,1,7,2013,31,0
2013-08-01,1,4,4994,1,1,1,1270.0,9.0,2008.0,0,0.0,0.0,1,1,1,8,2013,1,0
2013-08-02,1,5,4494,1,1,1,1270.0,9.0,2008.0,0,0.0,0.0,1,1,1,8,2013,2,0
2013-08-03,1,6,4461,1,0,1,1270.0,9.0,2008.0,0,0.0,0.0,1,1,1,8,2013,3,1
2013-08-05,1,1,4086,1,0,1,1270.0,9.0,2008.0,0,0.0,0.0,1,1,1,8,2013,5,0
2013-08-06,1,2,3582,1,0,1,1270.0,9.0,2008.0,0,0.0,0.0,1,1,1,8,2013,6,0
2013-08-07,1,3,4143,1,0,1,1270.0,9.0,2008.0,0,0.0,0.0,1,1,1,8,2013,7,0
2013-08-08,1,4,3680,1,0,1,1270.0,9.0,2008.0,0,0.0,0.0,1,1,1,8,2013,8,0
2013-08-09,1,5,3257,1,0,1,1270.0,9.0,2008.0,0,0.0,0.0,1,1,1,8,2013,9,0
2013-08-10,1,6,3768,1,0,1,1270.0,9.0,2008.0,0,0.0,0.0,1,1,1,8,2013,10,1
2013-08-12,1,1,5326,1,1,1,1270.0,9.0,2008.0,0,0.0,0.0,1,1,1,8,2013,12,0
2013-08-13,1,2,5299,1,1,1,1270.0,9.0,2008.0,0,0.0,0.0,1,1,1,8,2013,13,0
2013-08-14,1,3,4724,1,1,1,1270.0,9.0,2008.0,0,0.0,0.0,1,1,1,8,2013,14,0
2013-08-15,1,4,4575,1,1,1,1270.0,9.0,2008.0,0,0.0,0.0,1,1,1,8,2013,15,0
2013-08-16,1,5,4552,1,1,1,1270.0,9.0,2008.0,0,0.0,0.0,1,1,1,8,2013,16,0
2013-08-17,1,6,4078,1,0,0,1270.0,9.0,2008.0,0,0.0,0.0,1,1,1,8,2013,17,1
2013-08-19,1,1,3954,1,0,0,1270.0,9.0,2008.0,0,0.0,0.0,1,1,1,8,2013,19,0
2013-08-20,1,2,3492,1,0,0,1270.0,9.0,2008.0,0,0.0,0.0,1,1,1,8,2013,20,0
2013-08-21,1,3,3096,1,0,0,1270.0,9.0,2008.0,0,0.0,0.0,1,1,1,8,2013,21,0
2013-08-22,1,4,3703,1,0,0,1270.0,9.0,2008.0,0,0.0,0.0,1,1,1,8,2013,22,0
2013-08-23,1,5,3493,1,0,0,1270.0,9.0,2008.0,0,0.0,0.0,1,1,1,8,2013,23,0
2013-08-24,1,6,4752,1,0,0,1270.0,9.0,2008.0,0,0.0,0.0,1,1,1,8,2013,24,1
2013-08-26,1,1,5482,1,1,0,1270.0,9.0,2008.0,0,0.0,0.0,1,1,1,8,2013,26,0
2013-08-27,1,2,5156,1,1,0,1270.0,9.0,2008.0,0,0.0,0.0,1,1,1,8,2013,27,0
2013-08-28,1,3,4583,1,1,0,1270.0,9.0,2008.0,0,0.0,0.0,1,1,1,8,2013,28,0
2013-08-29,1,4,4804,1,1,0,1270.0,9.0,2008.0,0,0.0,0.0,1,1,1,8,2013,29,0
2013-08-30,1,5,5469,1,1,0,1270.0,9.0,2008.0,0,0.0,0.0,1,1,1,8,2013,30,0
2013-08-31,1,6,5317,1,0,0,1270.0,9.0,2008.0,0,0.0,0.0,1,1,1,8,2013,31,1
2013-09-02,1,1,4195,1,0,0,1270.0,9.0,2008.0,0,0.0,0.0,1,1,1,9,2013,2,0
2013-09-03,1,2,3928,1,0,0,1270.0,9.0,2008.0,0,0.0,0.0,1,1,1,9,2013,3,0
2013-09-04,1,3,3343,1,0,0,1270.0,9.0,2008.0,0,0.0,0.0,1,1,1,9,2013,4,0
2013-09-05,1,4,3883,1,0,0,1270.0,9.0,2008.0,0,0.0,0.0,1,1,1,9,2013,5,0
2013-09-06,1,5,3836,1,0,0,1270.0,9.0,2008.0,0,0.0,0.0,1,1,1,9,2013,6,0
2013-09-07,1,6,4663,1,0,0,1270.0,9.0,2008.0,0,0.0,0.0,1,1,1,9,2013,7,1
2013-09-09,1,1,5893,1,1,0,1270.0,9.0,2008.0,0,0.0,0.0,1,1,1,9,2013,9,0
2013-09-10,1,2,5403,1,1,0,1270.0,9.0,2008.0,0,0.0,0.0,1,1,1,9,2013,10,0
2013-09-11,1,3,5103,1,1,0,1270.0,9.0,2008.0,0,0.0,0.0,1,1,1,9,2013,11,0
2013-09-12,1,4,5079,1,1,0,1270.0,9.0,2008.0,0,0.0,0.0,1,1,1,9,2013,12,0
2013-09-13,1,5,5187,1,1,0,1270.0,9.0,2008.0,0,0.0,0.0,1,1,1,9,2013,13,0
2013-09-14,1,6,4663,1,0,0,1270.0,9.0,2008.0,0,0.0,0.0,1,1,1,9,2013,14,1
2013-09-16,1,1,4249,1,0,0,1270.0,9.0,2008.0,0,0.0,0.0,1,1,1,9,2013,16,0
2013-09-17,1,2,3685,1,0,0,1270.0,9.0,2008.0,0,0.0,0.0,1,1,1,9,2013,17,0
2013-09-18,1,3,3946,1,0,0,1270.0,9.0,2008.0,0,0.0,0.0,1,1,1,9,2013,18,0
2013-09-19,1,4,3717,1,0,0,1270.0,9.0,2008.0,0,0.0,0.0,1,1,1,9,2013,19,0
2013-09-20,1,5,3516,1,0,0,1270.0,9.0,2008.0,0,0.0,0.0,1,1,1,9,2013,20,0
2013-09-21,1,6,3909,1,0,0,1270.0,9.0,2008.0,0,0.0,0.0,1,1,1,9,2013,21,1
2013-09-23,1,1,4770,1,1,0,1270.0,9.0,2008.0,0,0.0,0.0,1,1,1,9,2013,23,0
2013-09-24,1,2,4274,1,1,0,1270.0,9.0,2008.0,0,0.0,0.0,1,1,1,9,2013,24,0
2013-09-25,1,3,4212,1,1,0,1270.0,9.0,2008.0,0,0.0,0.0,1,1,1,9,2013,25,0
2013-09-26,1,4,4481,1,1,0,1270.0,9.0,2008.0,0,0.0,0.0,1,1,1,9,2013,26,0
2013-09-27,1,5,4669,1,1,0,1270.0,9.0,2008.0,0,0.0,0.0,1,1,1,9,2013,27,0
2013-09-28,1,6,4175,1,0,0,1270.0,9.0,2008.0,0,0.0,0.0,1,1,1,9,2013,28,1
2013-09-30,1,1,4088,1,0,0,1270.0,9.0,2008.0,0,0.0,0.0,1,1,1,9,2013,30,0
2013-10-01,1,2,4178,1,0,0,1270.0,9.0,2008.0,0,0.0,0.0,1,1,1,10,2013,1,0
2013-10-02,1,3,4001,1,0,0,1270.0,9.0,2008.0,0,0.0,0.0,1,1,1,10,2013,2,0
2013-10-04,1,5,5447,1,0,0,1270.0,9.0,2008.0,0,0.0,0.0,1,1,1,10,2013,4,0
2013-10-05,1,6,5352,1,0,0,1270.0,9.0,2008.0,0,0.0,0.0,1,1,1,10,2013,5,1
2013-10-07,1,1,6004,1,1,0,1270.0,9.0,2008.0,0,0.0,0.0,1,1,1,10,2013,7,0
2013-10-08,1,2,5452,1,1,0,1270.0,9.0,2008.0,0,0.0,0.0,1,1,1,10,2013,8,0
2013-10-09,1,3,4957,1,1,0,1270.0,9.0,2008.0,0,0.0,0.0,1,1,1,10,2013,9,0
2013-10-10,1,4,5286,1,1,0,1270.0,9.0,2008.0,0,0.0,0.0,1,1,1,10,2013,10,0
2013-10-11,1,5,5896,1,1,0,1270.0,9.0,2008.0,0,0.0,0.0,1,1,1,10,2013,11,0
2013-10-12,1,6,4954,1,0,0,1270.0,9.0,2008.0,0,0.0,0.0,1,1,1,10,2013,12,1
2013-10-14,1,1,3773,1,0,1,1270.0,9.0,2008.0,0,0.0,0.0,1,1,1,10,2013,14,0
2013-10-15,1,2,3355,1,0,1,1270.0,9.0,2008.0,0,0.0,0.0,1,1,1,10,2013,15,0
2013-10-16,1,3,3383,1,0,1,1270.0,9.0,2008.0,0,0.0,0.0,1,1,1,10,2013,16,0
2013-10-17,1,4,3223,1,0,1,1270.0,9.0,2008.0,0,0.0,0.0,1,1,1,10,2013,17,0
2013-10-18,1,5,3566,1,0,1,1270.0,9.0,2008.0,0,0.0,0.0,1,1,1,10,2013,18,0
2013-10-19,1,6,3667,1,0,1,1270.0,9.0,2008.0,0,0.0,0.0,1,1,1,10,2013,19,1
2013-10-21,1,1,5055,1,1,1,1270.0,9.0,2008.0,0,0.0,0.0,1,1,1,10,2013,21,0
2013-10-22,1,2,4068,1,1,1,1270.0,9.0,2008.0,0,0.0,0.0,1,1,1,10,2013,22,0
2013-10-23,1,3,4612,1,1,1,1270.0,9.0,2008.0,0,0.0,0.0,1,1,1,10,2013,23,0
2013-10-24,1,4,4044,1,1,1,1270.0,9.0,2008.0,0,0.0,0.0,1,1,1,10,2013,24,0
2013-10-25,1,5,4573,1,1,1,1270.0,9.0,2008.0,0,0.0,0.0,1,1,1,10,2013,25,0
2013-10-26,1,6,4347,1,0,0,1270.0,9.0,2008.0,0,0.0,0.0,1,1,1,10,2013,26,1
2013-10-28,1,1,3557,1,0,0,1270.0,9.0,2008.0,0,0.0,0.0,1,1,1,10,2013,28,0
2013-10-29,1,2,3737,1,0,0,1270.0,9.0,2008.0,0,0.0,0.0,1,1,1,10,2013,29,0
2013-10-30,1,3,4119,1,0,0,1270.0,9.0,2008.0,0,0.0,0.0,1,1,1,10,2013,30,0
2013-10-31,1,4,4035,1,0,0,1270.0,9.0,2008.0,0,0.0,0.0,1,1,1,10,2013,31,0
2013-11-01,1,5,5471,1,0,0,1270.0,9.0,2008.0,0,0.0,0.0,1,1,1,11,2013,1,0
2013-11-02,1,6,5233,1,0,0,1270.0,9.0,2008.0,0,0.0,0.0,1,1,1,11,2013,2,1
2013-11-04,1,1,5861,1,1,0,1270.0,9.0,2008.0,0,0.0,0.0,1,1,1,11,2013,4,0
2013-11-05,1,2,5348,1,1,0,1270.0,9.0,2008.0,0,0.0,0.0,1,1,1,11,2013,5,0
2013-11-06,1,3,5572,1,1,0,1270.0,9.0,2008.0,0,0.0,0.0,1,1,1,11,2013,6,0
2013-11-07,1,4,5009,1,1,0,1270.0,9.0,2008.0,0,0.0,0.0,1,1,1,11,2013,7,0
2013-11-08,1,5,5242,1,1,0,1270.0,9.0,2008.0,0,0.0,0.0,1,1,1,11,2013,8,0
2013-11-09,1,6,4681,1,0,0,1270.0,9.0,2008.0,0,0.0,0.0,1,1,1,11,2013,9,1
2013-11-11,1,1,4014,1,0,0,1270.0,9.0,2008.0,0,0.0,0.0,1,1,1,11,2013,11,0
2013-11-12,1,2,4017,1,0,0,1270.0,9.0,2008.0,0,0.0,0.0,1,1,1,11,2013,12,0
2013-11-13,1,3,3310,1,0,0,1270.0,9.0,2008.0,0,0.0,0.0,1,1,1,11,2013,13,0
2013-11-14,1,4,3795,1,0,0,1270.0,9.0,2008.0,0,0.0,0.0,1,1,1,11,2013,14,0
2013-11-15,1,5,4016,1,0,0,1270.0,9.0,2008.0,0,0.0,0.0,1,1,1,11,2013,15,0
2013-11-16,1,6,5071,1,0,0,1270.0,9.0,2008.0,0,0.0,0.0,1,1,1,11,2013,16,1
2013-11-18,1,1,5927,1,1,0,1270.0,9.0,2008.0,0,0.0,0.0,1,1,1,11,2013,18,0
2013-11-19,1,2,5143,1,1,0,1270.0,9.0,2008.0,0,0.0,0.0,1,1,1,11,2013,19,0
2013-11-20,1,3,4936,1,1,0,1270.0,9.0,2008.0,0,0.0,0.0,1,1,1,11,2013,20,0
2013-11-21,1,4,4623,1,1,0,1270.0,9.0,2008.0,0,0.0,0.0,1,1,1,11,2013,21,0
2013-11-22,1,5,5058,1,1,0,1270.0,9.0,2008.0,0,0.0,0.0,1,1,1,11,2013,22,0
2013-11-23,1,6,5297,1,0,0,1270.0,9.0,2008.0,0,0.0,0.0,1,1,1,11,2013,23,1
2013-11-25,1,1,4600,1,0,0,1270.0,9.0,2008.0,0,0.0,0.0,1,1,1,11,2013,25,0
2013-11-26,1,2,4201,1,0,0,1270.0,9.0,2008.0,0,0.0,0.0,1,1,1,11,2013,26,0
2013-11-27,1,3,4561,1,0,0,1270.0,9.0,2008.0,0,0.0,0.0,1,1,1,11,2013,27,0
2013-11-28,1,4,4614,1,0,0,1270.0,9.0,2008.0,0,0.0,0.0,1,1,1,11,2013,28,0
2013-11-29,1,5,5623,1,0,0,1270.0,9.0,2008.0,0,0.0,0.0,1,1,1,11,2013,29,0
2013-11-30,1,6,6373,1,0,0,1270.0,9.0,2008.0,0,0.0,0.0,1,1,1,11,2013,30,1
2013-12-02,1,1,6943,1,1,0,1270.0,9.0,2008.0,0,0.0,0.0,1,1,1,12,2013,2,0
2013-12-03,1,2,6293,1,1,0,1270.0,9.0,2008.0,0,0.0,0.0,1,1,1,12,2013,3,0
2013-12-04,1,3,5688,1,1,0,1270.0,9.0,2008.0,0,0.0,0.0,1,1,1,12,2013,4,0
2013-12-05,1,4,5691,1,1,0,1270.0,9.0,2008.0,0,0.0,0.0,1,1,1,12,2013,5,0
2013-12-06,1,5,6112,1,1,0,1270.0,9.0,2008.0,0,0.0,0.0,1,1,1,12,2013,6,0
2013-12-07,1,6,5799,1,0,0,1270.0,9.0,2008.0,0,0.0,0.0,1,1,1,12,2013,7,1
2013-12-09,1,1,4462,1,0,0,1270.0,9.0,2008.0,0,0.0,0.0,1,1,1,12,2013,9,0
2013-12-10,1,2,4228,1,0,0,1270.0,9.0,2008.0,0,0.0,0.0,1,1,1,12,2013,10,0
2013-12-11,1,3,4301,1,0,0,1270.0,9.0,2008.0,0,0.0,0.0,1,1,1,12,2013,11,0
2013-12-12,1,4,4074,1,0,0,1270.0,9.0,2008.0,0,0.0,0.0,1,1,1,12,2013,12,0
2013-12-13,1,5,4703,1,0,0,1270.0,9.0,2008.0,0,0.0,0.0,1,1,1,12,2013,13,0
2013-12-14,1,6,6119,1,0,0,1270.0,9.0,2008.0,0,0.0,0.0,1,1,1,12,2013,14,1
2013-12-16,1,1,8277,1,1,0,1270.0,9.0,2008.0,0,0.0,0.0,1,1,1,12,2013,16,0
2013-12-17,1,2,7356,1,1,0,1270.0,9.0,2008.0,0,0.0,0.0,1,1,1,12,2013,17,0
2013-12-18,1,3,7821,1,1,0,1270.0,9.0,2008.0,0,0.0,0.0,1,1,1,12,2013,18,0
2013-12-19,1,4,6788,1,1,0,1270.0,9.0,2008.0,0,0.0,0.0,1,1,1,12,2013,19,0
2013-12-20,1,5,8414,1,1,0,1270.0,9.0,2008.0,0,0.0,0.0,1,1,1,12,2013,20,0
2013-12-21,1,6,8043,1,0,0,1270.0,9.0,2008.0,0,0.0,0.0,1,1,1,12,2013,21,1
2013-12-23,1,1,9528,1,0,1,1270.0,9.0,2008.0,0,0.0,0.0,1,1,1,12,2013,23,0
2013-12-24,1,2,3204,1,0,1,1270.0,9.0,2008.0,0,0.0,0.0,1,1,1,12,2013,24,0
2013-12-27,1,5,6110,1,0,1,1270.0,9.0,2008.0,0,0.0,0.0,1,1,1,12,2013,27,0
2013-12-28,1,6,5659,1,0,1,1270.0,9.0,2008.0,0,0.0,0.0,1,1,1,12,2013,28,1
2013-12-30,1,1,7193,1,0,1,1270.0,9.0,2008.0,0,0.0,0.0,1,1,1,12,2013,30,0
2013-12-31,1,2,2362,1,0,1,1270.0,9.0,2008.0,0,0.0,0.0,1,1,1,12,2013,31,0
2014-01-02,1,4,4969,1,0,1,1270.0,9.0,2008.0,0,0.0,0.0,1,1,1,1,2014,2,0
2014-01-03,1,5,4190,1,0,1,1270.0,9.0,2008.0,0,0.0,0.0,1,1,1,1,2014,3,0
2014-01-04,1,6,5173,1,0,1,1270.0,9.0,2008.0,0,0.0,0.0,1,1,1,1,2014,4,1
2014-01-06,1,1,6194,1,1,1,1270.0,9.0,2008.0,0,0.0,0.0,1,1,1,1,2014,6,0
2014-01-07,1,2,5539,1,1,1,1270.0,9.0,2008.0,0,0.0,0.0,1,1,1,1,2014,7,0
2014-01-08,1,3,4931,1,1,1,1270.0,9.0,2008.0,0,0.0,0.0,1,1,1,1,2014,8,0
2014-01-09,1,4,4396,1,1,1,1270.0,9.0,2008.0,0,0.0,0.0,1,1,1,1,2014,9,0
2014-01-10,1,5,4486,1,1,1,1270.0,9.0,2008.0,0,0.0,0.0,1,1,1,1,2014,10,0
2014-01-11,1,6,4454,1,0,0,1270.0,9.0,2008.0,0,0.0,0.0,1,1,1,1,2014,11,1
2014-01-13,1,1,3994,1,0,0,1270.0,9.0,2008.0,0,0.0,0.0,1,1,1,1,2014,13,0
2014-01-14,1,2,3621,1,0,0,1270.0,9.0,2008.0,0,0.0,0.0,1,1,1,1,2014,14,0
2014-01-15,1,3,3776,1,0,0,1270.0,9.0,2008.0,0,0.0,0.0,1,1,1,1,2014,15,0
2014-01-16,1,4,3632,1,0,0,1270.0,9.0,2008.0,0,0.0,0.0,1,1,1,1,2014,16,0
2014-01-17,1,5,3803,1,0,0,1270.0,9.0,2008.0,0,0.0,0.0,1,1,1,1,2014,17,0
2014-01-18,1,6,5128,1,0,0,1270.0,9.0,2008.0,0,0.0,0.0,1,1,1,1,2014,18,1
2014-01-20,1,1,6148,1,1,0,1270.0,9.0,2008.0,0,0.0,0.0,1,1,1,1,2014,20,0
2014-01-21,1,2,5151,1,1,0,1270.0,9.0,2008.0,0,0.0,0.0,1,1,1,1,2014,21,0
2014-01-22,1,3,4562,1,1,0,1270.0,9.0,2008.0,0,0.0,0.0,1,1,1,1,2014,22,0
2014-01-23,1,4,4597,1,1,0,1270.0,9.0,2008.0,0,0.0,0.0,1,1,1,1,2014,23,0
2014-01-24,1,5,5098,1,1,0,1270.0,9.0,2008.0,0,0.0,0.0,1,1,1,1,2014,24,0
2014-01-25,1,6,4546,1,0,0,1270.0,9.0,2008.0,0,0.0,0.0,1,1,1,1,2014,25,1
2014-01-27,1,1,3601,1,0,0,1270.0,9.0,2008.0,0,0.0,0.0,1,1,1,1,2014,27,0
2014-01-28,1,2,3581,1,0,0,1270.0,9.0,2008.0,0,0.0,0.0,1,1,1,1,2014,28,0
2014-01-29,1,3,3789,1,0,0,1270.0,9.0,2008.0,0,0.0,0.0,1,1,1,1,2014,29,0
2014-01-30,1,4,4549,1,0,0,1270.0,9.0,2008.0,0,0.0,0.0,1,1,1,1,2014,30,0
2014-01-31,1,5,4906,1,0,0,1270.0,9.0,2008.0,0,0.0,0.0,1,1,1,1,2014,31,0
2014-02-01,1,6,5292,1,0,0,1270.0,9.0,2008.0,0,0.0,0.0,1,1,1,2,2014,1,1
2014-02-03,1,1,5839,1,1,0,1270.0,9.0,2008.0,0,0.0,0.0,1,1,1,2,2014,3,0
2014-02-04,1,2,5540,1,1,0,1270.0,9.0,2008.0,0,0.0,0.0,1,1,1,2,2014,4,0
2014-02-05,1,3,5031,1,1,0,1270.0,9.0,2008.0,0,0.0,0.0,1,1,1,2,2014,5,0
2014-02-06,1,4,4823,1,1,0,1270.0,9.0,2008.0,0,0.0,0.0,1,1,1,2,2014,6,0
2014-02-07,1,5,5596,1,1,0,1270.0,9.0,2008.0,0,0.0,0.0,1,1,1,2,2014,7,0
2014-02-08,1,6,4726,1,0,0,1270.0,9.0,2008.0,0,0.0,0.0,1,1,1,2,2014,8,1
2014-02-10,1,1,3591,1,0,0,1270.0,9.0,2008.0,0,0.0,0.0,1,1,1,2,2014,10,0
2014-02-11,1,2,3461,1,0,0,1270.0,9.0,2008.0,0,0.0,0.0,1,1,1,2,2014,11,0
2014-02-12,1,3,3662,1,0,0,1270.0,9.0,2008.0,0,0.0,0.0,1,1,1,2,2014,12,0
2014-02-13,1,4,3638,1,0,0,1270.0,9.0,2008.0,0,0.0,0.0,1,1,1,2,2014,13,0
2014-02-14,1,5,4647,1,0,0,1270.0,9.0,2008.0,0,0.0,0.0,1,1,1,2,2014,14,0
2014-02-15,1,6,5258,1,0,0,1270.0,9.0,2008.0,0,0.0,0.0,1,1,1,2,2014,15,1
2014-02-17,1,1,5393,1,1,0,1270.0,9.0,2008.0,0,0.0,0.0,1,1,1,2,2014,17,0
2014-02-18,1,2,4602,1,1,0,1270.0,9.0,2008.0,0,0.0,0.0,1,1,1,2,2014,18,0
2014-02-19,1,3,4935,1,1,0,1270.0,9.0,2008.0,0,0.0,0.0,1,1,1,2,2014,19,0
2014-02-20,1,4,4563,1,1,0,1270.0,9.0,2008.0,0,0.0,0.0,1,1,1,2,2014,20,0
2014-02-21,1,5,4727,1,1,0,1270.0,9.0,2008.0,0,0.0,0.0,1,1,1,2,2014,21,0
2014-02-22,1,6,4820,1,0,0,1270.0,9.0,2008.0,0,0.0,0.0,1,1,1,2,2014,22,1
2014-02-24,1,1,3826,1,0,0,1270.0,9.0,2008.0,0,0.0,0.0,1,1,1,2,2014,24,0
2014-02-25,1,2,3499,1,0,0,1270.0,9.0,2008.0,0,0.0,0.0,1,1,1,2,2014,25,0
2014-02-26,1,3,4108,1,0,0,1270.0,9.0,2008.0,0,0.0,0.0,1,1,1,2,2014,26,0
2014-02-27,1,4,3826,1,0,0,1270.0,9.0,2008.0,0,0.0,0.0,1,1,1,2,2014,27,0
2014-02-28,1,5,5031,1,0,0,1270.0,9.0,2008.0,0,0.0,0.0,1,1,1,2,2014,28,0
2014-03-01,1,6,5307,1,0,0,1270.0,9.0,2008.0,0,0.0,0.0,1,1,1,3,2014,1,1
2014-03-03,1,1,6198,1,1,0,1270.0,9.0,2008.0,0,0.0,0.0,1,1,1,3,2014,3,0
2014-03-04,1,2,5397,1,1,0,1270.0,9.0,2008.0,0,0.0,0.0,1,1,1,3,2014,4,0
2014-03-05,1,3,4916,1,1,0,1270.0,9.0,2008.0,0,0.0,0.0,1,1,1,3,2014,5,0
2014-03-06,1,4,4585,1,1,0,1270.0,9.0,2008.0,0,0.0,0.0,1,1,1,3,2014,6,0
2014-03-07,1,5,5340,1,1,0,1270.0,9.0,2008.0,0,0.0,0.0,1,1,1,3,2014,7,0
2014-03-08,1,6,4400,1,0,0,1270.0,9.0,2008.0,0,0.0,0.0,1,1,1,3,2014,8,1
2014-03-10,1,1,3573,1,0,0,1270.0,9.0,2008.0,0,0.0,0.0,1,1,1,3,2014,10,0
2014-03-11,1,2,3588,1,0,0,1270.0,9.0,2008.0,0,0.0,0.0,1,1,1,3,2014,11,0
2014-03-12,1,3,3805,1,0,0,1270.0,9.0,2008.0,0,0.0,0.0,1,1,1,3,2014,12,0
2014-03-13,1,4,3224,1,0,0,1270.0,9.0,2008.0,0,0.0,0.0,1,1,1,3,2014,13,0
2014-03-14,1,5,3883,1,0,0,1270.0,9.0,2008.0,0,0.0,0.0,1,1,1,3,2014,14,0
2014-03-15,1,6,5042,1,0,0,1270.0,9.0,2008.0,0,0.0,0.0,1,1,1,3,2014,15,1
2014-03-17,1,1,5563,1,1,0,1270.0,9.0,2008.0,0,0.0,0.0,1,1,1,3,2014,17,0
2014-03-18,1,2,5200,1,1,0,1270.0,9.0,2008.0,0,0.0,0.0,1,1,1,3,2014,18,0
2014-03-19,1,3,4036,1,1,0,1270.0,9.0,2008.0,0,0.0,0.0,1,1,1,3,2014,19,0
2014-03-20,1,4,4023,1,1,0,1270.0,9.0,2008.0,0,0.0,0.0,1,1,1,3,2014,20,0
2014-03-21,1,5,4510,1,1,0,1270.0,9.0,2008.0,0,0.0,0.0,1,1,1,3,2014,21,0
2014-03-22,1,6,5241,1,0,0,1270.0,9.0,2008.0,0,0.0,0.0,1,1,1,3,2014,22,1
2014-03-24,1,1,3850,1,0,0,1270.0,9.0,2008.0,0,0.0,0.0,1,1,1,3,2014,24,0
2014-03-25,1,2,3136,1,0,0,1270.0,9.0,2008.0,0,0.0,0.0,1,1,1,3,2014,25,0
2014-03-26,1,3,3225,1,0,0,1270.0,9.0,2008.0,0,0.0,0.0,1,1,1,3,2014,26,0
2014-03-27,1,4,3847,1,0,0,1270.0,9.0,2008.0,0,0.0,0.0,1,1,1,3,2014,27,0
2014-03-28,1,5,3987,1,0,0,1270.0,9.0,2008.0,0,0.0,0.0,1,1,1,3,2014,28,0
2014-03-29,1,6,4583,1,0,0,1270.0,9.0,2008.0,0,0.0,0.0,1,1,1,3,2014,29,1
2014-03-31,1,1,6008,1,1,0,1270.0,9.0,2008.0,0,0.0,0.0,1,1,1,3,2014,31,0
2014-04-01,1,2,5407,1,1,0,1270.0,9.0,2008.0,0,0.0,0.0,1,1,1,4,2014,1,0
2014-04-02,1,3,4834,1,1,0,1270.0,9.0,2008.0,0,0.0,0.0,1,1,1,4,2014,2,0
2014-04-03,1,4,4556,1,1,0,1270.0,9.0,2008.0,0,0.0,0.0,1,1,1,4,2014,3,0
2014-04-04,1,5,4738,1,1,0,1270.0,9.0,2008.0,0,0.0,0.0,1,1,1,4,2014,4,0
2014-04-05,1,6,4599,1,0,0,1270.0,9.0,2008.0,0,0.0,0.0,1,1,1,4,2014,5,1
2014-04-07,1,1,3751,1,0,0,1270.0,9.0,2008.0,0,0.0,0.0,1,1,1,4,2014,7,0
2014-04-08,1,2,3990,1,0,0,1270.0,9.0,2008.0,0,0.0,0.0,1,1,1,4,2014,8,0
2014-04-09,1,3,3919,1,0,0,1270.0,9.0,2008.0,0,0.0,0.0,1,1,1,4,2014,9,0
2014-04-10,1,4,3948,1,0,0,1270.0,9.0,2008.0,0,0.0,0.0,1,1,1,4,2014,10,0
2014-04-11,1,5,3733,1,0,0,1270.0,9.0,2008.0,0,0.0,0.0,1,1,1,4,2014,11,0
2014-04-12,1,6,4435,1,0,0,1270.0,9.0,2008.0,0,0.0,0.0,1,1,1,4,2014,12,1
2014-04-14,1,1,6803,1,1,1,1270.0,9.0,2008.0,0,0.0,0.0,1,1,1,4,2014,14,0
2014-04-15,1,2,6196,1,1,1,1270.0,9.0,2008.0,0,0.0,0.0,1,1,1,4,2014,15,0
2014-04-16,1,3,6381,1,1,1,1270.0,9.0,2008.0,0,0.0,0.0,1,1,1,4,2014,16,0
2014-04-17,1,4,6160,1,1,1,1270.0,9.0,2008.0,0,0.0,0.0,1,1,1,4,2014,17,0
2014-04-19,1,6,5871,1,0,1,1270.0,9.0,2008.0,0,0.0,0.0,1,1,1,4,2014,19,1
2014-04-22,1,2,4133,1,0,1,1270.0,9.0,2008.0,0,0.0,0.0,1,1,1,4,2014,22,0
2014-04-23,1,3,3482,1,0,1,1270.0,9.0,2008.0,0,0.0,0.0,1,1,1,4,2014,23,0
2014-04-24,1,4,3376,1,0,1,1270.0,9.0,2008.0,0,0.0,0.0,1,1,1,4,2014,24,0
2014-04-25,1,5,3710,1,0,1,1270.0,9.0,2008.0,0,0.0,0.0,1,1,1,4,2014,25,0
2014-04-26,1,6,3989,1,0,0,1270.0,9.0,2008.0,0,0.0,0.0,1,1,1,4,2014,26,1
2014-04-28,1,1,5488,1,1,0,1270.0,9.0,2008.0,0,0.0,0.0,1,1,1,4,2014,28,0
2014-04-29,1,2,5923,1,1,0,1270.0,9.0,2008.0,0,0.0,0.0,1,1,1,4,2014,29,0
2014-04-30,1,3,5870,1,1,0,1270.0,9.0,2008.0,0,0.0,0.0,1,1,1,4,2014,30,0
2014-05-02,1,5,6790,1,1,0,1270.0,9.0,2008.0,0,0.0,0.0,1,1,1,5,2014,2,0
2014-05-03,1,6,5498,1,0,0,1270.0,9.0,2008.0,0,0.0,0.0,1,1,1,5,2014,3,1
2014-05-05,1,1,5325,1,1,0,1270.0,9.0,2008.0,0,0.0,0.0,1,1,1,5,2014,5,0
2014-05-06,1,2,5055,1,1,0,1270.0,9.0,2008.0,0,0.0,0.0,1,1,1,5,2014,6,0
2014-05-07,1,3,5075,1,1,0,1270.0,9.0,2008.0,0,0.0,0.0,1,1,1,5,2014,7,0
2014-05-08,1,4,5222,1,1,0,1270.0,9.0,2008.0,0,0.0,0.0,1,1,1,5,2014,8,0
2014-05-09,1,5,5237,1,1,0,1270.0,9.0,2008.0,0,0.0,0.0,1,1,1,5,2014,9,0
2014-05-10,1,6,5996,1,0,0,1270.0,9.0,2008.0,0,0.0,0.0,1,1,1,5,2014,10,1
2014-05-12,1,1,3957,1,0,0,1270.0,9.0,2008.0,0,0.0,0.0,1,1,1,5,2014,12,0
2014-05-13,1,2,3535,1,0,0,1270.0,9.0,2008.0,0,0.0,0.0,1,1,1,5,2014,13,0
2014-05-14,1,3,3710,1,0,0,1270.0,9.0,2008.0,0,0.0,0.0,1,1,1,5,2014,14,0
2014-05-15,1,4,3589,1,0,0,1270.0,9.0,2008.0,0,0.0,0.0,1,1,1,5,2014,15,0
2014-05-16,1,5,3863,1,0,0,1270.0,9.0,2008.0,0,0.0,0.0,1,1,1,5,2014,16,0
2014-05-17,1,6,3785,1,0,0,1270.0,9.0,2008.0,0,0.0,0.0,1,1,1,5,2014,17,1
2014-05-19,1,1,5637,1,1,0,1270.0,9.0,2008.0,0,0.0,0.0,1,1,1,5,2014,19,0
2014-05-20,1,2,4909,1,1,0,1270.0,9.0,2008.0,0,0.0,0.0,1,1,1,5,2014,20,0
2014-05-21,1,3,4298,1,1,0,1270.0,9.0,2008.0,0,0.0,0.0,1,1,1,5,2014,21,0
2014-05-22,1,4,3801,1,1,0,1270.0,9.0,2008.0,0,0.0,0.0,1,1,1,5,2014,22,0
2014-05-23,1,5,4968,1,1,0,1270.0,9.0,2008.0,0,0.0,0.0,1,1,1,5,2014,23,0
2014-05-24,1,6,4574,1,0,0,1270.0,9.0,2008.0,0,0.0,0.0,1,1,1,5,2014,24,1
2014-05-26,1,1,3912,1,0,0,1270.0,9.0,2008.0,0,0.0,0.0,1,1,1,5,2014,26,0
2014-05-27,1,2,3971,1,0,0,1270.0,9.0,2008.0,0,0.0,0.0,1,1,1,5,2014,27,0
2014-05-28,1,3,4616,1,0,0,1270.0,9.0,2008.0,0,0.0,0.0,1,1,1,5,2014,28,0
2014-05-30,1,5,5407,1,0,0,1270.0,9.0,2008.0,0,0.0,0.0,1,1,1,5,2014,30,0
2014-05-31,1,6,4985,1,0,0,1270.0,9.0,2008.0,0,0.0,0.0,1,1,1,5,2014,31,1
2014-06-02,1,1,6071,1,1,0,1270.0,9.0,2008.0,0,0.0,0.0,1,1,1,6,2014,2,0
2014-06-03,1,2,5614,1,1,0,1270.0,9.0,2008.0,0,0.0,0.0,1,1,1,6,2014,3,0
2014-06-04,1,3,5229,1,1,0,1270.0,9.0,2008.0,0,0.0,0.0,1,1,1,6,2014,4,0
2014-06-05,1,4,5278,1,1,0,1270.0,9.0,2008.0,0,0.0,0.0,1,1,1,6,2014,5,0
2014-06-06,1,5,4957,1,1,0,1270.0,9.0,2008.0,0,0.0,0.0,1,1,1,6,2014,6,0
2014-06-07,1,6,4923,1,0,0,1270.0,9.0,2008.0,0,0.0,0.0,1,1,1,6,2014,7,1
2014-06-10,1,2,4607,1,0,0,1270.0,9.0,2008.0,0,0.0,0.0,1,1,1,6,2014,10,0
2014-06-11,1,3,4207,1,0,0,1270.0,9.0,2008.0,0,0.0,0.0,1,1,1,6,2014,11,0
2014-06-12,1,4,3702,1,0,0,1270.0,9.0,2008.0,0,0.0,0.0,1,1,1,6,2014,12,0
2014-06-13,1,5,3901,1,0,0,1270.0,9.0,2008.0,0,0.0,0.0,1,1,1,6,2014,13,0
2014-06-14,1,6,4757,1,0,0,1270.0,9.0,2008.0,0,0.0,0.0,1,1,1,6,2014,14,1
2014-06-16,1,1,4788,1,1,0,1270.0,9.0,2008.0,0,0.0,0.0,1,1,1,6,2014,16,0
2014-06-17,1,2,5770,1,1,0,1270.0,9.0,2008.0,0,0.0,0.0,1,1,1,6,2014,17,0
2014-06-18,1,3,5256,1,1,0,1270.0,9.0,2008.0,0,0.0,0.0,1,1,1,6,2014,18,0
2014-06-20,1,5,6362,1,1,0,1270.0,9.0,2008.0,0,0.0,0.0,1,1,1,6,2014,20,0
2014-06-21,1,6,3982,1,0,0,1270.0,9.0,2008.0,0,0.0,0.0,1,1,1,6,2014,21,1
2014-06-23,1,1,3755,1,0,0,1270.0,9.0,2008.0,0,0.0,0.0,1,1,1,6,2014,23,0
2014-06-24,1,2,3351,1,0,0,1270.0,9.0,2008.0,0,0.0,0.0,1,1,1,6,2014,24,0
2014-06-25,1,3,3727,1,0,0,1270.0,9.0,2008.0,0,0.0,0.0,1,1,1,6,2014,25,0
2014-06-26,1,4,2749,1,0,0,1270.0,9.0,2008.0,0,0.0,0.0,1,1,1,6,2014,26,0
2014-06-27,1,5,4019,1,0,0,1270.0,9.0,2008.0,0,0.0,0.0,1,1,1,6,2014,27,0
2014-06-28,1,6,5162,1,0,0,1270.0,9.0,2008.0,0,0.0,0.0,1,1,1,6,2014,28,1
2014-06-30,1,1,5738,1,1,0,1270.0,9.0,2008.0,0,0.0,0.0,1,1,1,6,2014,30,0
2014-07-01,1,2,5138,1,1,0,1270.0,9.0,2008.0,0,0.0,0.0,1,1,1,7,2014,1,0
2014-07-02,1,3,5161,1,1,0,1270.0,9.0,2008.0,0,0.0,0.0,1,1,1,7,2014,2,0
2014-07-03,1,4,4756,1,1,0,1270.0,9.0,2008.0,0,0.0,0.0,1,1,1,7,2014,3,0
2014-07-04,1,5,4025,1,1,0,1270.0,9.0,2008.0,0,0.0,0.0,1,1,1,7,2014,4,0
2014-07-05,1,6,5176,1,0,0,1270.0,9.0,2008.0,0,0.0,0.0,1,1,1,7,2014,5,1
2014-07-07,1,1,4223,1,0,0,1270.0,9.0,2008.0,0,0.0,0.0,1,1,1,7,2014,7,0
2014-07-08,1,2,4081,1,0,0,1270.0,9.0,2008.0,0,0.0,0.0,1,1,1,7,2014,8,0
2014-07-09,1,3,3547,1,0,0,1270.0,9.0,2008.0,0,0.0,0.0,1,1,1,7,2014,9,0
2014-07-10,1,4,3741,1,0,0,1270.0,9.0,2008.0,0,0.0,0.0,1,1,1,7,2014,10,0
2014-07-11,1,5,4020,1,0,0,1270.0,9.0,2008.0,0,0.0,0.0,1,1,1,7,2014,11,0
2014-07-12,1,6,4409,1,0,0,1270.0,9.0,2008.0,0,0.0,0.0,1,1,1,7,2014,12,1
2014-07-14,1,1,5083,1,1,0,1270.0,9.0,2008.0,0,0.0,0.0,1,1,1,7,2014,14,0
2014-07-15,1,2,5298,1,1,0,1270.0,9.0,2008.0,0,0.0,0.0,1,1,1,7,2014,15,0
2014-07-16,1,3,5424,1,1,0,1270.0,9.0,2008.0,0,0.0,0.0,1,1,1,7,2014,16,0
2014-07-17,1,4,4685,1,1,0,1270.0,9.0,2008.0,0,0.0,0.0,1,1,1,7,2014,17,0
2014-07-18,1,5,4609,1,1,0,1270.0,9.0,2008.0,0,0.0,0.0,1,1,1,7,2014,18,0
2014-07-19,1,6,4084,1,0,0,1270.0,9.0,2008.0,0,0.0,0.0,1,1,1,7,2014,19,1
2014-07-21,1,1,4507,1,0,0,1270.0,9.0,2008.0,0,0.0,0.0,1,1,1,7,2014,21,0
2014-07-22,1,2,3933,1,0,0,1270.0,9.0,2008.0,0,0.0,0.0,1,1,1,7,2014,22,0
2014-07-23,1,3,3806,1,0,0,1270.0,9.0,2008.0,0,0.0,0.0,1,1,1,7,2014,23,0
2014-07-24,1,4,3557,1,0,0,1270.0,9.0,2008.0,0,0.0,0.0,1,1,1,7,2014,24,0
2014-07-25,1,5,3858,1,0,0,1270.0,9.0,2008.0,0,0.0,0.0,1,1,1,7,2014,25,0
2014-07-26,1,6,4266,1,0,0,1270.0,9.0,2008.0,0,0.0,0.0,1,1,1,7,2014,26,1
2014-07-28,1,1,5372,1,1,1,1270.0,9.0,2008.0,0,0.0,0.0,1,1,1,7,2014,28,0
2014-07-29,1,2,5252,1,1,1,1270.0,9.0,2008.0,0,0.0,0.0,1,1,1,7,2014,29,0
2014-07-30,1,3,5487,1,1,1,1270.0,9.0,2008.0,0,0.0,0.0,1,1,1,7,2014,30,0
2014-07-31,1,4,5106,1,1,0,1270.0,9.0,2008.0,0,0.0,0.0,1,1,1,7,2014,31,0
2014-08-01,1,5,5038,1,1,1,1270.0,9.0,2008.0,0,0.0,0.0,1,1,1,8,2014,1,0
2014-08-02,1,6,4731,1,0,1,1270.0,9.0,2008.0,0,0.0,0.0,1,1,1,8,2014,2,1
2014-08-04,1,1,5655,1,1,1,1270.0,9.0,2008.0,0,0.0,0.0,1,1,1,8,2014,4,0
2014-08-05,1,2,5433,1,1,1,1270.0,9.0,2008.0,0,0.0,0.0,1,1,1,8,2014,5,0
2014-08-06,1,3,5337,1,1,1,1270.0,9.0,2008.0,0,0.0,0.0,1,1,1,8,2014,6,0
2014-08-07,1,4,4154,1,1,1,1270.0,9.0,2008.0,0,0.0,0.0,1,1,1,8,2014,7,0
2014-08-08,1,5,4451,1,1,1,1270.0,9.0,2008.0,0,0.0,0.0,1,1,1,8,2014,8,0
2014-08-09,1,6,4174,1,0,1,1270.0,9.0,2008.0,0,0.0,0.0,1,1,1,8,2014,9,1
2014-08-11,1,1,3886,1,0,1,1270.0,9.0,2008.0,0,0.0,0.0,1,1,1,8,2014,11,0
2014-08-12,1,2,3185,1,0,1,1270.0,9.0,2008.0,0,0.0,0.0,1,1,1,8,2014,12,0
2014-08-13,1,3,4069,1,0,1,1270.0,9.0,2008.0,0,0.0,0.0,1,1,1,8,2014,13,0
2014-08-14,1,4,3906,1,0,1,1270.0,9.0,2008.0,0,0.0,0.0,1,1,1,8,2014,14,0
2014-08-15,1,5,3746,1,0,1,1270.0,9.0,2008.0,0,0.0,0.0,1,1,1,8,2014,15,0
2014-08-16,1,6,4425,1,0,1,1270.0,9.0,2008.0,0,0.0,0.0,1,1,1,8,2014,16,1
2014-08-18,1,1,5623,1,1,1,1270.0,9.0,2008.0,0,0.0,0.0,1,1,1,8,2014,18,0
2014-08-19,1,2,5190,1,1,1,1270.0,9.0,2008.0,0,0.0,0.0,1,1,1,8,2014,19,0
2014-08-20,1,3,4280,1,1,1,1270.0,9.0,2008.0,0,0.0,0.0,1,1,1,8,2014,20,0
2014-08-21,1,4,4327,1,1,1,1270.0,9.0,2008.0,0,0.0,0.0,1,1,1,8,2014,21,0
2014-08-22,1,5,3971,1,1,1,1270.0,9.0,2008.0,0,0.0,0.0,1,1,1,8,2014,22,0
2014-08-23,1,6,3582,1,0,1,1270.0,9.0,2008.0,0,0.0,0.0,1,1,1,8,2014,23,1
2014-08-25,1,1,3414,1,0,1,1270.0,9.0,2008.0,0,0.0,0.0,1,1,1,8,2014,25,0
2014-08-26,1,2,3396,1,0,1,1270.0,9.0,2008.0,0,0.0,0.0,1,1,1,8,2014,26,0
2014-08-27,1,3,3148,1,0,1,1270.0,9.0,2008.0,0,0.0,0.0,1,1,1,8,2014,27,0
2014-08-28,1,4,3920,1,0,1,1270.0,9.0,2008.0,0,0.0,0.0,1,1,1,8,2014,28,0
2014-08-29,1,5,3869,1,0,1,1270.0,9.0,2008.0,0,0.0,0.0,1,1,1,8,2014,29,0
2014-08-30,1,6,4094,1,0,1,1270.0,9.0,2008.0,0,0.0,0.0,1,1,1,8,2014,30,1
2014-09-01,1,1,5464,1,1,1,1270.0,9.0,2008.0,0,0.0,0.0,1,1,1,9,2014,1,0
2014-09-02,1,2,5008,1,1,1,1270.0,9.0,2008.0,0,0.0,0.0,1,1,1,9,2014,2,0
2014-09-03,1,3,4978,1,1,1,1270.0,9.0,2008.0,0,0.0,0.0,1,1,1,9,2014,3,0
2014-09-04,1,4,4346,1,1,1,1270.0,9.0,2008.0,0,0.0,0.0,1,1,1,9,2014,4,0
2014-09-05,1,5,4706,1,1,1,1270.0,9.0,2008.0,0,0.0,0.0,1,1,1,9,2014,5,0
2014-09-06,1,6,3959,1,0,0,1270.0,9.0,2008.0,0,0.0,0.0,1,1,1,9,2014,6,1
2014-09-08,1,1,3676,1,0,0,1270.0,9.0,2008.0,0,0.0,0.0,1,1,1,9,2014,8,0
2014-09-09,1,2,3377,1,0,0,1270.0,9.0,2008.0,0,0.0,0.0,1,1,1,9,2014,9,0
2014-09-10,1,3,3275,1,0,0,1270.0,9.0,2008.0,0,0.0,0.0,1,1,1,9,2014,10,0
2014-09-11,1,4,3392,1,0,0,1270.0,9.0,2008.0,0,0.0,0.0,1,1,1,9,2014,11,0
2014-09-12,1,5,3906,1,0,0,1270.0,9.0,2008.0,0,0.0,0.0,1,1,1,9,2014,12,0
2014-09-13,1,6,4270,1,0,0,1270.0,9.0,2008.0,0,0.0,0.0,1,1,1,9,2014,13,1
2014-09-15,1,1,4611,1,1,0,1270.0,9.0,2008.0,0,0.0,0.0,1,1,1,9,2014,15,0
2014-09-16,1,2,4381,1,1,0,1270.0,9.0,2008.0,0,0.0,0.0,1,1,1,9,2014,16,0
2014-09-17,1,3,4383,1,1,0,1270.0,9.0,2008.0,0,0.0,0.0,1,1,1,9,2014,17,0
2014-09-18,1,4,3740,1,1,0,1270.0,9.0,2008.0,0,0.0,0.0,1,1,1,9,2014,18,0
2014-09-19,1,5,4128,1,1,0,1270.0,9.0,2008.0,0,0.0,0.0,1,1,1,9,2014,19,0
2014-09-20,1,6,3911,1,0,0,1270.0,9.0,2008.0,0,0.0,0.0,1,1,1,9,2014,20,1
2014-09-22,1,1,3982,1,0,0,1270.0,9.0,2008.0,0,0.0,0.0,1,1,1,9,2014,22,0
2014-09-23,1,2,3407,1,0,0,1270.0,9.0,2008.0,0,0.0,0.0,1,1,1,9,2014,23,0
2014-09-24,1,3,3405,1,0,0,1270.0,9.0,2008.0,0,0.0,0.0,1,1,1,9,2014,24,0
2014-09-25,1,4,2462,1,0,0,1270.0,9.0,2008.0,0,0.0,0.0,1,1,1,9,2014,25,0
2014-09-26,1,5,3518,1,0,0,1270.0,9.0,2008.0,0,0.0,0.0,1,1,1,9,2014,26,0
2014-09-27,1,6,3914,1,0,0,1270.0,9.0,2008.0,0,0.0,0.0,1,1,1,9,2014,27,1
2014-09-29,1,1,5280,1,1,0,1270.0,9.0,2008.0,0,0.0,0.0,1,1,1,9,2014,29,0
2014-09-30,1,2,4919,1,1,0,1270.0,9.0,2008.0,0,0.0,0.0,1,1,1,9,2014,30,0
2014-10-01,1,3,4712,1,1,0,1270.0,9.0,2008.0,0,0.0,0.0,1,1,1,10,2014,1,0
2014-10-02,1,4,5400,1,1,0,1270.0,9.0,2008.0,0,0.0,0.0,1,1,1,10,2014,2,0
2014-10-04,1,6,5355,1,0,0,1270.0,9.0,2008.0,0,0.0,0.0,1,1,1,10,2014,4,1
2014-10-06,1,1,5402,1,1,0,1270.0,9.0,2008.0,0,0.0,0.0,1,1,1,10,2014,6,0
2014-10-07,1,2,5439,1,1,0,1270.0,9.0,2008.0,0,0.0,0.0,1,1,1,10,2014,7,0
2014-10-08,1,3,4944,1,1,0,1270.0,9.0,2008.0,0,0.0,0.0,1,1,1,10,2014,8,0
2014-10-09,1,4,4654,1,1,0,1270.0,9.0,2008.0,0,0.0,0.0,1,1,1,10,2014,9,0
2014-10-10,1,5,4396,1,1,0,1270.0,9.0,2008.0,0,0.0,0.0,1,1,1,10,2014,10,0
2014-10-11,1,6,4743,1,0,0,1270.0,9.0,2008.0,0,0.0,0.0,1,1,1,10,2014,11,1
2014-10-13,1,1,4033,1,0,0,1270.0,9.0,2008.0,0,0.0,0.0,1,1,1,10,2014,13,0
2014-10-14,1,2,3681,1,0,0,1270.0,9.0,2008.0,0,0.0,0.0,1,1,1,10,2014,14,0
2014-10-15,1,3,3775,1,0,0,1270.0,9.0,2008.0,0,0.0,0.0,1,1,1,10,2014,15,0
2014-10-16,1,4,3430,1,0,0,1270.0,9.0,2008.0,0,0.0,0.0,1,1,1,10,2014,16,0
2014-10-17,1,5,3720,1,0,0,1270.0,9.0,2008.0,0,0.0,0.0,1,1,1,10,2014,17,0
2014-10-18,1,6,4169,1,0,0,1270.0,9.0,2008.0,0,0.0,0.0,1,1,1,10,2014,18,1
2014-10-20,1,1,4652,1,1,1,1270.0,9.0,2008.0,0,0.0,0.0,1,1,1,10,2014,20,0
2014-10-21,1,2,4678,1,1,1,1270.0,9.0,2008.0,0,0.0,0.0,1,1,1,10,2014,21,0
2014-10-22,1,3,4868,1,1,1,1270.0,9.0,2008.0,0,0.0,0.0,1,1,1,10,2014,22,0
2014-10-23,1,4,4466,1,1,1,1270.0,9.0,2008.0,0,0.0,0.0,1,1,1,10,2014,23,0
2014-10-24,1,5,4196,1,1,1,1270.0,9.0,2008.0,0,0.0,0.0,1,1,1,10,2014,24,0
2014-10-25,1,6,4596,1,0,1,1270.0,9.0,2008.0,0,0.0,0.0,1,1,1,10,2014,25,1
2014-10-27,1,1,4260,1,0,1,1270.0,9.0,2008.0,0,0.0,0.0,1,1,1,10,2014,27,0
2014-10-28,1,2,3364,1,0,1,1270.0,9.0,2008.0,0,0.0,0.0,1,1,1,10,2014,28,0
2014-10-29,1,3,3761,1,0,1,1270.0,9.0,2008.0,0,0.0,0.0,1,1,1,10,2014,29,0
2014-10-30,1,4,4042,1,0,1,1270.0,9.0,2008.0,0,0.0,0.0,1,1,1,10,2014,30,0
2014-10-31,1,5,4161,1,0,1,1270.0,9.0,2008.0,0,0.0,0.0,1,1,1,10,2014,31,0
2014-11-01,1,6,6532,1,0,0,1270.0,9.0,2008.0,0,0.0,0.0,1,1,1,11,2014,1,1
2014-11-03,1,1,5857,1,1,0,1270.0,9.0,2008.0,0,0.0,0.0,1,1,1,11,2014,3,0
2014-11-04,1,2,5253,1,1,0,1270.0,9.0,2008.0,0,0.0,0.0,1,1,1,11,2014,4,0
2014-11-05,1,3,4838,1,1,0,1270.0,9.0,2008.0,0,0.0,0.0,1,1,1,11,2014,5,0
2014-11-06,1,4,4785,1,1,0,1270.0,9.0,2008.0,0,0.0,0.0,1,1,1,11,2014,6,0
2014-11-07,1,5,5220,1,1,0,1270.0,9.0,2008.0,0,0.0,0.0,1,1,1,11,2014,7,0
2014-11-08,1,6,4720,1,0,0,1270.0,9.0,2008.0,0,0.0,0.0,1,1,1,11,2014,8,1
2014-11-10,1,1,5474,1,1,0,1270.0,9.0,2008.0,0,0.0,0.0,1,1,1,11,2014,10,0
2014-11-11,1,2,4479,1,1,0,1270.0,9.0,2008.0,0,0.0,0.0,1,1,1,11,2014,11,0
2014-11-12,1,3,4677,1,1,0,1270.0,9.0,2008.0,0,0.0,0.0,1,1,1,11,2014,12,0
2014-11-13,1,4,3869,1,1,0,1270.0,9.0,2008.0,0,0.0,0.0,1,1,1,11,2014,13,0
2014-11-14,1,5,5334,1,1,0,1270.0,9.0,2008.0,0,0.0,0.0,1,1,1,11,2014,14,0
2014-11-15,1,6,4967,1,0,0,1270.0,9.0,2008.0,0,0.0,0.0,1,1,1,11,2014,15,1
2014-11-17,1,1,3582,1,0,0,1270.0,9.0,2008.0,0,0.0,0.0,1,1,1,11,2014,17,0
2014-11-18,1,2,3890,1,0,0,1270.0,9.0,2008.0,0,0.0,0.0,1,1,1,11,2014,18,0
2014-11-19,1,3,3894,1,0,0,1270.0,9.0,2008.0,0,0.0,0.0,1,1,1,11,2014,19,0
2014-11-20,1,4,4963,1,0,0,1270.0,9.0,2008.0,0,0.0,0.0,1,1,1,11,2014,20,0
2014-11-21,1,5,4594,1,0,0,1270.0,9.0,2008.0,0,0.0,0.0,1,1,1,11,2014,21,0
2014-11-22,1,6,5849,1,0,0,1270.0,9.0,2008.0,0,0.0,0.0,1,1,1,11,2014,22,1
2014-11-24,1,1,6527,1,1,0,1270.0,9.0,2008.0,0,0.0,0.0,1,1,1,11,2014,24,0
2014-11-25,1,2,5815,1,1,0,1270.0,9.0,2008.0,0,0.0,0.0,1,1,1,11,2014,25,0
2014-11-26,1,3,5328,1,1,0,1270.0,9.0,2008.0,0,0.0,0.0,1,1,1,11,2014,26,0
2014-11-27,1,4,6144,1,1,0,1270.0,9.0,2008.0,0,0.0,0.0,1,1,1,11,2014,27,0
2014-11-28,1,5,7195,1,1,0,1270.0,9.0,2008.0,0,0.0,0.0,1,1,1,11,2014,28,0
2014-11-29,1,6,7066,1,0,0,1270.0,9.0,2008.0,0,0.0,0.0,1,1,1,11,2014,29,1
2014-12-01,1,1,7380,1,1,0,1270.0,9.0,2008.0,0,0.0,0.0,1,1,1,12,2014,1,0
2014-12-02,1,2,6467,1,1,0,1270.0,9.0,2008.0,0,0.0,0.0,1,1,1,12,2014,2,0
2014-12-03,1,3,6454,1,1,0,1270.0,9.0,2008.0,0,0.0,0.0,1,1,1,12,2014,3,0
2014-12-04,1,4,7016,1,1,0,1270.0,9.0,2008.0,0,0.0,0.0,1,1,1,12,2014,4,0
2014-12-05,1,5,6207,1,1,0,1270.0,9.0,2008.0,0,0.0,0.0,1,1,1,12,2014,5,0
2014-12-06,1,6,6185,1,0,0,1270.0,9.0,2008.0,0,0.0,0.0,1,1,1,12,2014,6,1
2014-12-08,1,1,4884,1,0,0,1270.0,9.0,2008.0,0,0.0,0.0,1,1,1,12,2014,8,0
2014-12-09,1,2,4345,1,0,0,1270.0,9.0,2008.0,0,0.0,0.0,1,1,1,12,2014,9,0
2014-12-10,1,3,4915,1,0,0,1270.0,9.0,2008.0,0,0.0,0.0,1,1,1,12,2014,10,0
2014-12-11,1,4,5060,1,0,0,1270.0,9.0,2008.0,0,0.0,0.0,1,1,1,12,2014,11,0
2014-12-12,1,5,5269,1,0,0,1270.0,9.0,2008.0,0,0.0,0.0,1,1,1,12,2014,12,0
2014-12-13,1,6,7263,1,0,0,1270.0,9.0,2008.0,0,0.0,0.0,1,1,1,12,2014,13,1
2014-12-15,1,1,8069,1,1,0,1270.0,9.0,2008.0,0,0.0,0.0,1,1,1,12,2014,15,0
2014-12-16,1,2,7739,1,1,0,1270.0,9.0,2008.0,0,0.0,0.0,1,1,1,12,2014,16,0
2014-12-17,1,3,7523,1,1,0,1270.0,9.0,2008.0,0,0.0,0.0,1,1,1,12,2014,17,0
2014-12-18,1,4,7785,1,1,0,1270.0,9.0,2008.0,0,0.0,0.0,1,1,1,12,2014,18,0
2014-12-19,1,5,7558,1,1,0,1270.0,9.0,2008.0,0,0.0,0.0,1,1,1,12,2014,19,0
2014-12-20,1,6,8367,1,0,0,1270.0,9.0,2008.0,0,0.0,0.0,1,1,1,12,2014,20,1
2014-12-22,1,1,9331,1,0,1,1270.0,9.0,2008.0,0,0.0,0.0,1,1,1,12,2014,22,0
2014-12-23,1,2,7959,1,0,1,1270.0,9.0,2008.0,0,0.0,0.0,1,1,1,12,2014,23,0
2014-12-24,1,3,3659,1,0,1,1270.0,9.0,2008.0,0,0.0,0.0,1,1,1,12,2014,24,0
2014-12-27,1,6,6057,1,0,1,1270.0,9.0,2008.0,0,0.0,0.0,1,1,1,12,2014,27,1
2014-12-29,1,1,6463,1,0,1,1270.0,9.0,2008.0,0,0.0,0.0,1,1,1,12,2014,29,0
2014-12-30,1,2,6466,1,0,1,1270.0,9.0,2008.0,0,0.0,0.0,1,1,1,12,2014,30,0
2014-12-31,1,3,2605,1,0,1,1270.0,9.0,2008.0,0,0.0,0.0,1,1,1,12,2014,31,0
2015-01-02,1,5,5509,1,0,1,1270.0,9.0,2008.0,0,0.0,0.0,1,1,1,1,2015,2,0
2015-01-03,1,6,5023,1,0,1,1270.0,9.0,2008.0,0,0.0,0.0,1,1,1,1,2015,3,1
2015-01-05,1,1,6239,1,1,1,1270.0,9.0,2008.0,0,0.0,0.0,1,1,1,1,2015,5,0
2015-01-06,1,2,4574,1,1,1,1270.0,9.0,2008.0,0,0.0,0.0,1,1,1,1,2015,6,0
2015-01-07,1,3,4796,1,1,1,1270.0,9.0,2008.0,0,0.0,0.0,1,1,1,1,2015,7,0
2015-01-08,1,4,3716,1,1,1,1270.0,9.0,2008.0,0,0.0,0.0,1,1,1,1,2015,8,0
2015-01-09,1,5,3998,1,1,1,1270.0,9.0,2008.0,0,0.0,0.0,1,1,1,1,2015,9,0
2015-01-10,1,6,4599,1,0,0,1270.0,9.0,2008.0,0,0.0,0.0,1,1,1,1,2015,10,1
2015-01-12,1,1,5346,1,1,0,1270.0,9.0,2008.0,0,0.0,0.0,1,1,1,1,2015,12,0
2015-01-13,1,2,4924,1,1,0,1270.0,9.0,2008.0,0,0.0,0.0,1,1,1,1,2015,13,0
2015-01-14,1,3,4541,1,1,0,1270.0,9.0,2008.0,0,0.0,0.0,1,1,1,1,2015,14,0
2015-01-15,1,4,4295,1,1,0,1270.0,9.0,2008.0,0,0.0,0.0,1,1,1,1,2015,15,0
2015-01-16,1,5,4161,1,1,0,1270.0,9.0,2008.0,0,0.0,0.0,1,1,1,1,2015,16,0
2015-01-17,1,6,5255,1,0,0,1270.0,9.0,2008.0,0,0.0,0.0,1,1,1,1,2015,17,1
2015-01-19,1,1,3721,1,0,0,1270.0,9.0,2008.0,0,0.0,0.0,1,1,1,1,2015,19,0
2015-01-20,1,2,3680,1,0,0,1270.0,9.0,2008.0,0,0.0,0.0,1,1,1,1,2015,20,0
2015-01-21,1,3,3299,1,0,0,1270.0,9.0,2008.0,0,0.0,0.0,1,1,1,1,2015,21,0
2015-01-22,1,4,3492,1,0,0,1270.0,9.0,2008.0,0,0.0,0.0,1,1,1,1,2015,22,0
2015-01-23,1,5,3586,1,0,0,1270.0,9.0,2008.0,0,0.0,0.0,1,1,1,1,2015,23,0
2015-01-24,1,6,4840,1,0,0,1270.0,9.0,2008.0,0,0.0,0.0,1,1,1,1,2015,24,1
2015-01-26,1,1,4781,1,1,0,1270.0,9.0,2008.0,0,0.0,0.0,1,1,1,1,2015,26,0
2015-01-27,1,2,4806,1,1,0,1270.0,9.0,2008.0,0,0.0,0.0,1,1,1,1,2015,27,0
2015-01-28,1,3,4310,1,1,0,1270.0,9.0,2008.0,0,0.0,0.0,1,1,1,1,2015,28,0
2015-01-29,1,4,5171,1,1,0,1270.0,9.0,2008.0,0,0.0,0.0,1,1,1,1,2015,29,0
2015-01-30,1,5,5577,1,1,0,1270.0,9.0,2008.0,0,0.0,0.0,1,1,1,1,2015,30,0
2015-01-31,1,6,5363,1,0,0,1270.0,9.0,2008.0,0,0.0,0.0,1,1,1,1,2015,31,1
2015-02-02,1,1,6038,1,1,0,1270.0,9.0,2008.0,0,0.0,0.0,1,1,1,2,2015,2,0
2015-02-03,1,2,4901,1,1,0,1270.0,9.0,2008.0,0,0.0,0.0,1,1,1,2,2015,3,0
2015-02-04,1,3,4672,1,1,0,1270.0,9.0,2008.0,0,0.0,0.0,1,1,1,2,2015,4,0
2015-02-05,1,4,4394,1,1,0,1270.0,9.0,2008.0,0,0.0,0.0,1,1,1,2,2015,5,0
2015-02-06,1,5,5022,1,1,0,1270.0,9.0,2008.0,0,0.0,0.0,1,1,1,2,2015,6,0
2015-02-07,1,6,4663,1,0,0,1270.0,9.0,2008.0,0,0.0,0.0,1,1,1,2,2015,7,1
2015-02-09,1,1,3965,1,0,0,1270.0,9.0,2008.0,0,0.0,0.0,1,1,1,2,2015,9,0
2015-02-10,1,2,3136,1,0,0,1270.0,9.0,2008.0,0,0.0,0.0,1,1,1,2,2015,10,0
2015-02-11,1,3,3735,1,0,0,1270.0,9.0,2008.0,0,0.0,0.0,1,1,1,2,2015,11,0
2015-02-12,1,4,3900,1,0,0,1270.0,9.0,2008.0,0,0.0,0.0,1,1,1,2,2015,12,0
2015-02-13,1,5,4726,1,0,0,1270.0,9.0,2008.0,0,0.0,0.0,1,1,1,2,2015,13,0
2015-02-14,1,6,5015,1,0,0,1270.0,9.0,2008.0,0,0.0,0.0,1,1,1,2,2015,14,1
2015-02-16,1,1,4303,1,1,0,1270.0,9.0,2008.0,0,0.0,0.0,1,1,1,2,2015,16,0
2015-02-17,1,2,4833,1,1,0,1270.0,9.0,2008.0,0,0.0,0.0,1,1,1,2,2015,17,0
2015-02-18,1,3,4180,1,1,0,1270.0,9.0,2008.0,0,0.0,0.0,1,1,1,2,2015,18,0
2015-02-19,1,4,4460,1,1,0,1270.0,9.0,2008.0,0,0.0,0.0,1,1,1,2,2015,19,0
2015-02-20,1,5,4651,1,1,0,1270.0,9.0,2008.0,0,0.0,0.0,1,1,1,2,2015,20,0
2015-02-21,1,6,4475,1,0,0,1270.0,9.0,2008.0,0,0.0,0.0,1,1,1,2,2015,21,1
2015-02-23,1,1,3598,1,0,0,1270.0,9.0,2008.0,0,0.0,0.0,1,1,1,2,2015,23,0
2015-02-24,1,2,4054,1,0,0,1270.0,9.0,2008.0,0,0.0,0.0,1,1,1,2,2015,24,0
2015-02-25,1,3,3875,1,0,0,1270.0,9.0,2008.0,0,0.0,0.0,1,1,1,2,2015,25,0
2015-02-26,1,4,4042,1,0,0,1270.0,9.0,2008.0,0,0.0,0.0,1,1,1,2,2015,26,0
2015-02-27,1,5,4708,1,0,0,1270.0,9.0,2008.0,0,0.0,0.0,1,1,1,2,2015,27,0
2015-02-28,1,6,5289,1,0,0,1270.0,9.0,2008.0,0,0.0,0.0,1,1,1,2,2015,28,1
2015-03-02,1,1,5942,1,1,0,1270.0,9.0,2008.0,0,0.0,0.0,1,1,1,3,2015,2,0
2015-03-03,1,2,5451,1,1,0,1270.0,9.0,2008.0,0,0.0,0.0,1,1,1,3,2015,3,0
2015-03-04,1,3,5568,1,1,0,1270.0,9.0,2008.0,0,0.0,0.0,1,1,1,3,2015,4,0
2015-03-05,1,4,4419,1,1,0,1270.0,9.0,2008.0,0,0.0,0.0,1,1,1,3,2015,5,0
2015-03-06,1,5,5397,1,1,0,1270.0,9.0,2008.0,0,0.0,0.0,1,1,1,3,2015,6,0
2015-03-07,1,6,4592,1,0,0,1270.0,9.0,2008.0,0,0.0,0.0,1,1,1,3,2015,7,1
2015-03-09,1,1,3701,1,0,0,1270.0,9.0,2008.0,0,0.0,0.0,1,1,1,3,2015,9,0
2015-03-10,1,2,3805,1,0,0,1270.0,9.0,2008.0,0,0.0,0.0,1,1,1,3,2015,10,0
2015-03-11,1,3,4170,1,0,0,1270.0,9.0,2008.0,0,0.0,0.0,1,1,1,3,2015,11,0
2015-03-12,1,4,3141,1,0,0,1270.0,9.0,2008.0,0,0.0,0.0,1,1,1,3,2015,12,0
2015-03-13,1,5,3725,1,0,0,1270.0,9.0,2008.0,0,0.0,0.0,1,1,1,3,2015,13,0
2015-03-14,1,6,5225,1,0,0,1270.0,9.0,2008.0,0,0.0,0.0,1,1,1,3,2015,14,1
2015-03-16,1,1,5695,1,1,0,1270.0,9.0,2008.0,0,0.0,0.0,1,1,1,3,2015,16,0
2015-03-17,1,2,4806,1,1,0,1270.0,9.0,2008.0,0,0.0,0.0,1,1,1,3,2015,17,0
2015-03-18,1,3,3858,1,1,0,1270.0,9.0,2008.0,0,0.0,0.0,1,1,1,3,2015,18,0
2015-03-19,1,4,4748,1,1,0,1270.0,9.0,2008.0,0,0.0,0.0,1,1,1,3,2015,19,0
2015-03-20,1,5,4057,1,1,0,1270.0,9.0,2008.0,0,0.0,0.0,1,1,1,3,2015,20,0
2015-03-21,1,6,3909,1,0,0,1270.0,9.0,2008.0,0,0.0,0.0,1,1,1,3,2015,21,1
2015-03-23,1,1,3565,1,0,0,1270.0,9.0,2008.0,0,0.0,0.0,1,1,1,3,2015,23,0
2015-03-24,1,2,3547,1,0,0,1270.0,9.0,2008.0,0,0.0,0.0,1,1,1,3,2015,24,0
2015-03-25,1,3,3531,1,0,0,1270.0,9.0,2008.0,0,0.0,0.0,1,1,1,3,2015,25,0
2015-03-26,1,4,3932,1,0,0,1270.0,9.0,2008.0,0,0.0,0.0,1,1,1,3,2015,26,0
2015-03-27,1,5,4005,1,0,0,1270.0,9.0,2008.0,0,0.0,0.0,1,1,1,3,2015,27,0
2015-03-28,1,6,5208,1,0,0,1270.0,9.0,2008.0,0,0.0,0.0,1,1,1,3,2015,28,1
2015-03-30,1,1,6714,1,1,1,1270.0,9.0,2008.0,0,0.0,0.0,1,1,1,3,2015,30,0
2015-03-31,1,2,6206,1,1,1,1270.0,9.0,2008.0,0,0.0,0.0,1,1,1,3,2015,31,0
2015-04-01,1,3,6816,1,1,1,1270.0,9.0,2008.0,0,0.0,0.0,1,1,1,4,2015,1,0
2015-04-02,1,4,6574,1,1,1,1270.0,9.0,2008.0,0,0.0,0.0,1,1,1,4,2015,2,0
2015-04-04,1,6,6709,1,0,1,1270.0,9.0,2008.0,0,0.0,0.0,1,1,1,4,2015,4,1
2015-04-07,1,2,4163,1,0,1,1270.0,9.0,2008.0,0,0.0,0.0,1,1,1,4,2015,7,0
2015-04-08,1,3,4194,1,0,1,1270.0,9.0,2008.0,0,0.0,0.0,1,1,1,4,2015,8,0
2015-04-09,1,4,3467,1,0,1,1270.0,9.0,2008.0,0,0.0,0.0,1,1,1,4,2015,9,0
2015-04-10,1,5,3549,1,0,1,1270.0,9.0,2008.0,0,0.0,0.0,1,1,1,4,2015,10,0
2015-04-11,1,6,4173,1,0,0,1270.0,9.0,2008.0,0,0.0,0.0,1,1,1,4,2015,11,1
2015-04-13,1,1,5377,1,1,0,1270.0,9.0,2008.0,0,0.0,0.0,1,1,1,4,2015,13,0
2015-04-14,1,2,4648,1,1,0,1270.0,9.0,2008.0,0,0.0,0.0,1,1,1,4,2015,14,0
2015-04-15,1,3,4110,1,1,0,1270.0,9.0,2008.0,0,0.0,0.0,1,1,1,4,2015,15,0
2015-04-16,1,4,4116,1,1,0,1270.0,9.0,2008.0,0,0.0,0.0,1,1,1,4,2015,16,0
2015-04-17,1,5,4718,1,1,0,1270.0,9.0,2008.0,0,0.0,0.0,1,1,1,4,2015,17,0
2015-04-18,1,6,4594,1,0,0,1270.0,9.0,2008.0,0,0.0,0.0,1,1,1,4,2015,18,1
2015-04-20,1,1,3722,1,0,0,1270.0,9.0,2008.0,0,0.0,0.0,1,1,1,4,2015,20,0
2015-04-21,1,2,3037,1,0,0,1270.0,9.0,2008.0,0,0.0,0.0,1,1,1,4,2015,21,0
2015-04-22,1,3,3319,1,0,0,1270.0,9.0,2008.0,0,0.0,0.0,1,1,1,4,2015,22,0
2015-04-23,1,4,3076,1,0,0,1270.0,9.0,2008.0,0,0.0,0.0,1,1,1,4,2015,23,0
2015-04-24,1,5,3198,1,0,0,1270.0,9.0,2008.0,0,0.0,0.0,1,1,1,4,2015,24,0
2015-04-25,1,6,4318,1,0,0,1270.0,9.0,2008.0,0,0.0,0.0,1,1,1,4,2015,25,1
2015-04-27,1,1,5575,1,1,0,1270.0,9.0,2008.0,0,0.0,0.0,1,1,1,4,2015,27,0
2015-04-28,1,2,5199,1,1,0,1270.0,9.0,2008.0,0,0.0,0.0,1,1,1,4,2015,28,0
2015-04-29,1,3,5775,1,1,0,1270.0,9.0,2008.0,0,0.0,0.0,1,1,1,4,2015,29,0
2015-04-30,1,4,6228,1,1,0,1270.0,9.0,2008.0,0,0.0,0.0,1,1,1,4,2015,30,0
2015-05-02,1,6,5850,1,0,0,1270.0,9.0,2008.0,0,0.0,0.0,1,1,1,5,2015,2,1
2015-05-04,1,1,5591,1,1,0,1270.0,9.0,2008.0,0,0.0,0.0,1,1,1,5,2015,4,0
2015-05-05,1,2,4564,1,1,0,1270.0,9.0,2008.0,0,0.0,0.0,1,1,1,5,2015,5,0
2015-05-06,1,3,4960,1,1,0,1270.0,9.0,2008.0,0,0.0,0.0,1,1,1,5,2015,6,0
2015-05-07,1,4,4529,1,1,0,1270.0,9.0,2008.0,0,0.0,0.0,1,1,1,5,2015,7,0
2015-05-08,1,5,4683,1,1,0,1270.0,9.0,2008.0,0,0.0,0.0,1,1,1,5,2015,8,0
2015-05-09,1,6,4945,1,0,0,1270.0,9.0,2008.0,0,0.0,0.0,1,1,1,5,2015,9,1
2015-05-11,1,1,3551,1,0,0,1270.0,9.0,2008.0,0,0.0,0.0,1,1,1,5,2015,11,0
2015-05-12,1,2,3547,1,0,0,1270.0,9.0,2008.0,0,0.0,0.0,1,1,1,5,2015,12,0
2015-05-13,1,3,3998,1,0,0,1270.0,9.0,2008.0,0,0.0,0.0,1,1,1,5,2015,13,0
2015-05-15,1,5,4178,1,0,0,1270.0,9.0,2008.0,0,0.0,0.0,1,1,1,5,2015,15,0
2015-05-16,1,6,4431,1,0,0,1270.0,9.0,2008.0,0,0.0,0.0,1,1,1,5,2015,16,1
2015-05-18,1,1,5280,1,1,0,1270.0,9.0,2008.0,0,0.0,0.0,1,1,1,5,2015,18,0
2015-05-19,1,2,5235,1,1,0,1270.0,9.0,2008.0,0,0.0,0.0,1,1,1,5,2015,19,0
2015-05-20,1,3,4735,1,1,0,1270.0,9.0,2008.0,0,0.0,0.0,1,1,1,5,2015,20,0
2015-05-21,1,4,3755,1,1,0,1270.0,9.0,2008.0,0,0.0,0.0,1,1,1,5,2015,21,0
2015-05-22,1,5,4459,1,1,0,1270.0,9.0,2008.0,0,0.0,0.0,1,1,1,5,2015,22,0
2015-05-23,1,6,4276,1,0,0,1270.0,9.0,2008.0,0,0.0,0.0,1,1,1,5,2015,23,1
2015-05-26,1,2,4211,1,0,0,1270.0,9.0,2008.0,0,0.0,0.0,1,1,1,5,2015,26,0
2015-05-27,1,3,4083,1,0,0,1270.0,9.0,2008.0,0,0.0,0.0,1,1,1,5,2015,27,0
2015-05-28,1,4,4111,1,0,0,1270.0,9.0,2008.0,0,0.0,0.0,1,1,1,5,2015,28,0
2015-05-29,1,5,4656,1,0,0,1270.0,9.0,2008.0,0,0.0,0.0,1,1,1,5,2015,29,0
2015-05-30,1,6,5592,1,0,0,1270.0,9.0,2008.0,0,0.0,0.0,1,1,1,5,2015,30,1
2015-06-01,1,1,5774,1,1,0,1270.0,9.0,2008.0,0,0.0,0.0,1,1,1,6,2015,1,0
2015-06-02,1,2,5450,1,1,0,1270.0,9.0,2008.0,0,0.0,0.0,1,1,1,6,2015,2,0
2015-06-03,1,3,5809,1,1,0,1270.0,9.0,2008.0,0,0.0,0.0,1,1,1,6,2015,3,0
2015-06-05,1,5,5384,1,1,0,1270.0,9.0,2008.0,0,0.0,0.0,1,1,1,6,2015,5,0
2015-06-06,1,6,4183,1,0,0,1270.0,9.0,2008.0,0,0.0,0.0,1,1,1,6,2015,6,1
2015-06-08,1,1,4071,1,0,0,1270.0,9.0,2008.0,0,0.0,0.0,1,1,1,6,2015,8,0
2015-06-09,1,2,4102,1,0,0,1270.0,9.0,2008.0,0,0.0,0.0,1,1,1,6,2015,9,0
2015-06-10,1,3,3591,1,0,0,1270.0,9.0,2008.0,0,0.0,0.0,1,1,1,6,2015,10,0
2015-06-11,1,4,3627,1,0,0,1270.0,9.0,2008.0,0,0.0,0.0,1,1,1,6,2015,11,0
2015-06-12,1,5,3695,1,0,0,1270.0,9.0,2008.0,0,0.0,0.0,1,1,1,6,2015,12,0
2015-06-13,1,6,4256,1,0,0,1270.0,9.0,2008.0,0,0.0,0.0,1,1,1,6,2015,13,1
2015-06-15,1,1,5518,1,1,0,1270.0,9.0,2008.0,0,0.0,0.0,1,1,1,6,2015,15,0
2015-06-16,1,2,4852,1,1,0,1270.0,9.0,2008.0,0,0.0,0.0,1,1,1,6,2015,16,0
2015-06-17,1,3,4000,1,1,0,1270.0,9.0,2008.0,0,0.0,0.0,1,1,1,6,2015,17,0
2015-06-18,1,4,4645,1,1,0,1270.0,9.0,2008.0,0,0.0,0.0,1,1,1,6,2015,18,0
2015-06-19,1,5,4202,1,1,0,1270.0,9.0,2008.0,0,0.0,0.0,1,1,1,6,2015,19,0
2015-06-20,1,6,4097,1,0,0,1270.0,9.0,2008.0,0,0.0,0.0,1,1,1,6,2015,20,1
2015-06-22,1,1,3846,1,0,0,1270.0,9.0,2008.0,0,0.0,0.0,1,1,1,6,2015,22,0
2015-06-23,1,2,3762,1,0,0,1270.0,9.0,2008.0,0,0.0,0.0,1,1,1,6,2015,23,0
2015-06-24,1,3,3346,1,0,0,1270.0,9.0,2008.0,0,0.0,0.0,1,1,1,6,2015,24,0
2015-06-25,1,4,3533,1,0,0,1270.0,9.0,2008.0,0,0.0,0.0,1,1,1,6,2015,25,0
2015-06-26,1,5,3317,1,0,0,1270.0,9.0,2008.0,0,0.0,0.0,1,1,1,6,2015,26,0
2015-06-27,1,6,4019,1,0,0,1270.0,9.0,2008.0,0,0.0,0.0,1,1,1,6,2015,27,1
2015-06-29,1,1,5197,1,1,0,1270.0,9.0,2008.0,0,0.0,0.0,1,1,1,6,2015,29,0
2015-06-30,1,2,5735,1,1,0,1270.0,9.0,2008.0,0,0.0,0.0,1,1,1,6,2015,30,0
2015-07-01,1,3,5223,1,1,0,1270.0,9.0,2008.0,0,0.0,0.0,1,1,1,7,2015,1,0
2015-07-02,1,4,5558,1,1,0,1270.0,9.0,2008.0,0,0.0,0.0,1,1,1,7,2015,2,0
2015-07-03,1,5,4665,1,1,0,1270.0,9.0,2008.0,0,0.0,0.0,1,1,1,7,2015,3,0
2015-07-04,1,6,4797,1,0,0,1270.0,9.0,2008.0,0,0.0,0.0,1,1,1,7,2015,4,1
2015-07-06,1,1,4359,1,0,0,1270.0,9.0,2008.0,0,0.0,0.0,1,1,1,7,2015,6,0
2015-07-07,1,2,3650,1,0,0,1270.0,9.0,2008.0,0,0.0,0.0,1,1,1,7,2015,7,0
2015-07-08,1,3,3797,1,0,0,1270.0,9.0,2008.0,0,0.0,0.0,1,1,1,7,2015,8,0
2015-07-09,1,4,3897,1,0,0,1270.0,9.0,2008.0,0,0.0,0.0,1,1,1,7,2015,9,0
2015-07-10,1,5,3808,1,0,0,1270.0,9.0,2008.0,0,0.0,0.0,1,1,1,7,2015,10,0
2015-07-11,1,6,3530,1,0,0,1270.0,9.0,2008.0,0,0.0,0.0,1,1,1,7,2015,11,1
2015-07-13,1,1,5054,1,1,0,1270.0,9.0,2008.0,0,0.0,0.0,1,1,1,7,2015,13,0
2015-07-14,1,2,5042,1,1,0,1270.0,9.0,2008.0,0,0.0,0.0,1,1,1,7,2015,14,0
2015-07-15,1,3,4767,1,1,0,1270.0,9.0,2008.0,0,0.0,0.0,1,1,1,7,2015,15,0
2015-07-16,1,4,4427,1,1,0,1270.0,9.0,2008.0,0,0.0,0.0,1,1,1,7,2015,16,0
2015-07-17,1,5,4852,1,1,0,1270.0,9.0,2008.0,0,0.0,0.0,1,1,1,7,2015,17,0
2015-07-18,1,6,4406,1,0,0,1270.0,9.0,2008.0,0,0.0,0.0,1,1,1,7,2015,18,1
2015-07-20,1,1,4395,1,0,0,1270.0,9.0,2008.0,0,0.0,0.0,1,1,1,7,2015,20,0
2015-07-21,1,2,3558,1,0,0,1270.0,9.0,2008.0,0,0.0,0.0,1,1,1,7,2015,21,0
2015-07-22,1,3,3464,1,0,0,1270.0,9.0,2008.0,0,0.0,0.0,1,1,1,7,2015,22,0
2015-07-23,1,4,3769,1,0,0,1270.0,9.0,2008.0,0,0.0,0.0,1,1,1,7,2015,23,0
2015-07-24,1,5,3706,1,0,0,1270.0,9.0,2008.0,0,0.0,0.0,1,1,1,7,2015,24,0
2015-07-25,1,6,4364,1,0,0,1270.0,9.0,2008.0,0,0.0,0.0,1,1,1,7,2015,25,1
2015-07-27,1,1,6102,1,1,1,1270.0,9.0,2008.0,0,0.0,0.0,1,1,1,7,2015,27,0
2015-07-28,1,2,5011,1,1,1,1270.0,9.0,2008.0,0,0.0,0.0,1,1,1,7,2015,28,0
2015-07-29,1,3,4782,1,1,1,1270.0,9.0,2008.0,0,0.0,0.0,1,1,1,7,2015,29,0
2015-07-30,1,4,5020,1,1,1,1270.0,9.0,2008.0,0,0.0,0.0,1,1,1,7,2015,30,0
2015-07-31,1,5,5263,1,1,1,1270.0,9.0,2008.0,0,0.0,0.0,1,1,1,7,2015,31,0
